RECIPE_FILE_PATH,EXECUTION_DATE_TIME,EXECUTION_DURATION,EXCEPTIONS_SUMMARY
"src/main/resources/xmltobq/ETL/m_DWH_E_D_OPERACION_SE/_ETL_m_DWH_E_D_OPERACION_SE.json","2026/03/17 21:32:00.706","169122","SUCCESS"
"src/main/resources/xmltobq/ODS/LOANS_AND_LEASING_527_1/m_ODS_PM_PREST_DEPURAD/_ETL_m_ODS_PM_PREST_DEPURAD.json","2026/03/17 21:48:31.799","168132","SUCCESS"
"src/main/resources/xmltobq/DWH/m_DWH_D_CONTROL_INSERT/_ETL_m_DWH_D_CONTROL_INSERT.json","2026/03/17 21:49:11.013","168091","SUCCESS"
"src/main/resources/xmltobq/ETL/m_ETL_D_DATO_ASOC/_ETL_m_ETL_D_DATO_ASOC.json","2026/03/19 01:25:38.691","68706","SUCCESS"
"src/main/resources/xmltobq/DWH/m_LKP_SEGM_MIS_UPDATE_GCP/_ETL_m_LKP_SEGM_MIS_UPDATE_GCP.json","2026/03/19 01:25:43.050","68700","SUCCESS"
"src/main/resources/xmltobq/ETL/m_DWH_E_MOD_CLIENTE_MOVIMIENTO_VA/_ETL_m_DWH_E_MOD_CLIENTE_MOVIMIENTO_VA.json","2026/03/19 01:26:45.821","38033","SUCCESS"
"src/main/resources/xmltobq/DWH/m_DWH_D_REMESA_SALIDA_EX_UPDATE/_ETL_m_DWH_D_REMESA_SALIDA_EX_UPDATE.json","2026/03/19 12:31:15.520","28767","SUCCESS"
"UNKNOWN","2026/03/19 12:31:30.389","28752","SUCCESS"
"src/main/resources/xmltobq/ETL/m_DWH_E_LKP_INSTRUMENTOS_FP/_ETL_m_DWH_E_LKP_INSTRUMENTOS_FP.json","2026/03/19 12:31:44.199","28739","SUCCESS"
"src/main/resources/xmltobq/DWH/m_DWH_L_PD_PERSONASJURIDICAS_UPDATE/_ETL_m_DWH_L_PD_PERSONASJURIDICAS_UPDATE.json","2026/03/19 01:47:01.125","27252","SUCCESS"
"src/main/resources/xmltobq/CDM/m_DM_LKP_CARTERA_RESUMEN_INVERS/_ETL_m_DM_LKP_CARTERA_RESUMEN_INVERS.json","2026/03/19 16:02:44.950","16078","SUCCESS"
"src/main/resources/xmltobq/ETL/m_DWH_E_D_OPERACION_GB/_ETL_m_DWH_E_D_OPERACION_GB.json","2026/03/17 17:54:54.173","12974","SUCCESS"
"src/main/resources/xmltobq/ETL/m_DWH_E_D_OPERACION_OC/_ETL_m_DWH_E_D_OPERACION_OC.json","2026/03/19 12:33:46.380","7974","SUCCESS"
"src/main/resources/xmltobq/ETL/m_DWH_E_L_CIR_SUBOR_PRODUCTO/_ETL_m_DWH_E_L_CIR_SUBOR_PRODUCTO.json","2026/03/19 16:15:11.701","6696","SUCCESS"
"src/main/resources/xmltobq/DWH/m_DWH_EEMM_ACTIVO_ADJUDICADO_UPDATE/_ETL_m_DWH_EEMM_ACTIVO_ADJUDICADO_UPDATE.json","2026/03/19 10:24:03.404","5816","SUCCESS"
"src/main/resources/xmltobq/DWH/m_DWH_MOD_COND_TARJETA_UPDATE_GCP/_ETL_m_DWH_MOD_COND_TARJETA_UPDATE_GCP.json","2026/03/19 16:30:18.605","5769","SUCCESS"
"src/main/resources/xmltobq/ODS/MIS_590_2/m_ODS_USUARIO_GRUPO/_ETL_m_ODS_USUARIO_GRUPO.json","2026/03/19 04:54:32.585","5102","SUCCESS"
"src/main/resources/xmltobq/RDM/m_RDM_F_REGULATORIOS_MODULO_H_OSX/_ETL_m_RDM_F_REGULATORIOS_MODULO_H_OSX.json","2026/03/17 18:45:37.315","1813","SUCCESS"
"src/main/resources/xmltobq/DWH/m_DWH_D_VAL_LIQUID_SG_PPE_INSERT/_ETL_m_DWH_D_VAL_LIQUID_SG_PPE_INSERT.json","2026/03/19 09:38:15.300","1684","SUCCESS"
"src/main/resources/xmltobq/ODS/MIS_590_2/m_STG_HIER_PRODMIS_RET_N5/_ETL_m_STG_HIER_PRODMIS_RET_N5.json","2026/03/19 06:55:08.819","1455","SUCCESS"
"src/main/resources/xmltobq/DWH/m_DWH_D_OTROS_BIENES_PO_UPDATE/_ETL_m_DWH_D_OTROS_BIENES_PO_UPDATE.json","2026/03/19 01:26:53.353","1166","SUCCESS"
"src/main/resources/xmltobq/ODS/MIS_590_2/m_STG_HIER_CENTRO_10/_ETL_m_STG_HIER_CENTRO_10.json","2026/03/19 06:19:36.748","1085","SUCCESS"
"src/main/resources/xmltobq/ODS/PARTNER_DATA_4433_1/m_ODS_PD_CLIENTE_GARANTE/_ETL_m_ODS_PD_CLIENTE_GARANTE.json","2026/03/19 10:05:53.771","1079","SUCCESS"
"src/main/resources/xmltobq/ODS/LOANS_AND_LEASING_527_1/m_ODS_TPM53/_ETL_m_ODS_TPM53.json","2026/03/19 11:28:13.135","1045","SUCCESS"
"src/main/resources/xmltobq/ODS/LOANS_AND_LEASING_527_1/m_ODS_TPO79_VALID_PARAM/_ETL_m_ODS_TPO79_VALID_PARAM.json","2026/03/19 11:10:51.176","1040","SUCCESS"
"src/main/resources/xmltobq/ETL/m_DWH_E_D_OPERACION_TM/_ETL_m_DWH_E_D_OPERACION_TM.json","2026/03/19 12:14:26.498","1036","SUCCESS"
"src/main/resources/xmltobq/ODS/PARTNER_DATA_4433_1/m_ODS_L_DIRE_FISCALES/_ETL_m_ODS_L_DIRE_FISCALES.json","2026/03/19 09:21:14.249","1021","SUCCESS"
"src/main/resources/xmltobq/ODS/NOTIFICATION_HUB_50369_1/m_ODS_NHUB_TBM_TEXT_PARS/_ETL_m_ODS_NHUB_TBM_TEXT_PARS.json","2026/03/19 08:04:12.925","1020","SUCCESS"
"src/main/resources/xmltobq/DWH/m_DWH_D_LEASING_PROD_PM_INSERT/_ETL_m_DWH_D_LEASING_PROD_PM_INSERT.json","2026/03/19 09:21:14.930","1017","SUCCESS"
"src/main/resources/xmltobq/ODS/NEXTPORTFOLIO_28892_1/m_ODS_DPM_ANSWERS/_ETL_m_ODS_DPM_ANSWERS.json","2026/03/19 07:19:25.755","1008","SUCCESS"
"src/main/resources/xmltobq/ODS/MIS_590_2/m_STG_HIER_INDI/_ETL_m_STG_HIER_INDI.json","2026/03/19 06:38:03.739","1003","SUCCESS"
"src/main/resources/xmltobq/RDM/m_RDM_TMP_RCA_ORIG_RENEWED/_ETL_m_RDM_TMP_RCA_ORIG_RENEWED.json","2026/03/17 19:23:22.705","896","SUCCESS"
"src/main/resources/xmltobq/DWH/m_DWH_D_UBR_CRES_GRUPO_OFICINAS_UPDATE/_ETL_m_DWH_D_UBR_CRES_GRUPO_OFICINAS_UPDATE.json","2026/03/19 12:57:54.178","793","SUCCESS"
"src/main/resources/xmltobq/DWH/m_DQ3_ODS_PM_TEX41/_ETL_m_DQ3_ODS_PM_TEX41.json","2026/03/17 17:56:41.929","758","java.lang.RuntimeException(1): Table <...> not found"
"src/main/resources/xmltobq/DWH/m_DWH_D_CONDICION_ECONOMICA_PM_UPDATE/_ETL_m_DWH_D_CONDICION_ECONOMICA_PM_UPDATE.json","2026/03/17 21:22:48.896","633","SUCCESS"
"src/main/resources/xmltobq/ODS/MIS_590_2/m_ODS_L_NIVEL_RIESGO/_ETL_m_ODS_L_NIVEL_RIESGO.json","2026/03/19 10:57:20.756","621","SUCCESS"
"src/main/resources/xmltobq/ETL/m_DWH_E_LKP_POA/_ETL_m_DWH_E_LKP_POA.json","2026/03/19 15:20:41.685","435","SUCCESS"
"src/main/resources/xmltobq/DWH/m_DWH_LKP_TARIF_COND_STANDARD_UPDATE/_ETL_m_DWH_LKP_TARIF_COND_STANDARD_UPDATE.json","2026/03/19 12:20:12.681","352","SUCCESS"
"src/main/resources/xmltobq/DWH/m_DWH_F_OPERACION_FICHERO_EB_UPDATE/_ETL_m_DWH_F_OPERACION_FICHERO_EB_UPDATE.json","2026/03/19 16:23:27.000","267","SUCCESS"
"src/main/resources/xmltobq/ETL/m_DWH_E_D_GARANTIA/_ETL_m_DWH_E_D_GARANTIA.json","2026/03/17 17:31:58.562","254","SUCCESS"
"src/main/resources/xmltobq/RDM/m_RDM_D_PERSONA_U/_ETL_m_RDM_D_PERSONA_U.json","2026/03/17 17:35:16.428","246","SUCCESS"
"src/main/resources/xmltobq/DWH/m_DWH_F_TRANSF_EXTRANJ_ISO20022_UPDATE/_ETL_m_DWH_F_TRANSF_EXTRANJ_ISO20022_UPDATE.json","2026/03/19 12:07:10.697","242","SUCCESS"
"src/main/resources/xmltobq/DWH/m_DWH_F_OPERACION_ONLINE_EB_UPDATE/_ETL_m_DWH_F_OPERACION_ONLINE_EB_UPDATE.json","2026/03/19 12:14:18.356","219","org.apache.spark.SparkException(1): Job aborted due to stage failure: Task serialization failed: java.lang.StackOverflowError"
"src/main/resources/xmltobq/DWH/m_DWH_D_ACT_OUTPUT_CLIENTE_INSERT/_ETL_m_DWH_D_ACT_OUTPUT_CLIENTE_INSERT.json","2026/03/17 19:54:05.042","215","SUCCESS"
"src/main/resources/xmltobq/DWH/m_DWH_D_CUENTAS_VISTA_CVCM_INSERT/_ETL_m_DWH_D_CUENTAS_VISTA_CVCM_INSERT.json","2026/03/19 21:02:39.784","198","SUCCESS"
"src/main/resources/xmltobq/DWH/m_DWH_D_CUENTAS_VISTA_CVCM_UPDATE/_ETL_m_DWH_D_CUENTAS_VISTA_CVCM_UPDATE.json","2026/03/19 14:53:50.840","179","SUCCESS"
"src/main/resources/xmltobq/ETL/m_DWH_E_D_CONTRATO_SG_INV/_ETL_m_DWH_E_D_CONTRATO_SG_INV.json","2026/03/17 17:21:26.070","171","SUCCESS"
"src/main/resources/xmltobq/DWH/m_DWH_D_CONDICION_ECONOMICA_PM_INSERT/_ETL_m_DWH_D_CONDICION_ECONOMICA_PM_INSERT.json","2026/03/17 21:19:59.763","167","SUCCESS"
"src/main/resources/xmltobq/DWH/m_LOAD_LKP_CONTRATOS_DBLINE_UPDATE/_ETL_m_LOAD_LKP_CONTRATOS_DBLINE_UPDATE.json","2026/03/19 16:10:53.464","162","SUCCESS"
"src/main/resources/xmltobq/DWH/m_DWH_D_CARTERA_DPM_UPDATE/_ETL_m_DWH_D_CARTERA_DPM_UPDATE.json","2026/03/17 20:52:36.306","157","SUCCESS"
"src/main/resources/xmltobq/DWH/m_DWH_D_ACT_OUTPUT_CLIENTE_UPDATE/_ETL_m_DWH_D_ACT_OUTPUT_CLIENTE_UPDATE.json","2026/03/17 19:57:42.097","132","SUCCESS"
"src/main/resources/xmltobq/ETL/m_DWH_E_MOD_ORDENES_CLIENTE_FI_O/_ETL_m_DWH_E_MOD_ORDENES_CLIENTE_FI_O.json","2026/03/19 14:47:29.720","125","SUCCESS"
"src/main/resources/xmltobq/DWH/m_DWH_D_CONTRATOS_TARJETA_INSERT/_ETL_m_DWH_D_CONTRATOS_TARJETA_INSERT.json","2026/03/17 21:37:42.500","119","SUCCESS"
"src/main/resources/xmltobq/ETL/m_DWH_E_MOD_ORDENES_CLIENTE_VA/_ETL_m_DWH_E_MOD_ORDENES_CLIENTE_VA.json","2026/03/19 12:00:54.417","116","SUCCESS"
"src/main/resources/xmltobq/DWH/m_DWH_L_CLIENTE_CRS_UPDATE/_ETL_m_DWH_L_CLIENTE_CRS_UPDATE.json","2026/03/19 14:03:37.112","110","SUCCESS"
"src/main/resources/xmltobq/ETL/m_DWH_E_D_DEPOSITOS_CVCM/_ETL_m_DWH_E_D_DEPOSITOS_CVCM.json","2026/03/17 17:28:52.610","107","SUCCESS"
"src/main/resources/xmltobq/CDM/m_DM_STG_LKP_CLIENTE_ODIGO_EMPLEADO/_ETL_m_DM_STG_LKP_CLIENTE_ODIGO_EMPLEADO.json","2026/03/19 20:26:59.428","105","SUCCESS"
"src/main/resources/xmltobq/DWH/m_DWH_LKP_TARIF_COND_ESTD_UPDATE/_ETL_m_DWH_LKP_TARIF_COND_ESTD_UPDATE.json","2026/03/19 12:34:46.586","101","SUCCESS"
"src/main/resources/xmltobq/CDM/m_DM_MOD_TRANSF_EXTRANJ_ISO20022/_ETL_m_DM_MOD_TRANSF_EXTRANJ_ISO20022.json","2026/03/19 20:11:37.397","99","SUCCESS"
"src/main/resources/xmltobq/DWH/m_DWH_D_CONTRATO_SG_INV_UPDATE/_ETL_m_DWH_D_CONTRATO_SG_INV_UPDATE.json","2026/03/17 21:44:56.797","99","SUCCESS"
"src/main/resources/xmltobq/DWH/m_DWH_D_INTERVINIENTES_BQ_INSERT/_ETL_m_DWH_D_INTERVINIENTES_BQ_INSERT.json","2026/03/19 16:15:15.002","97","SUCCESS"
"src/main/resources/xmltobq/CDM/m_DM_LKP_IND_GAAP/_ETL_m_DM_LKP_IND_GAAP.json","2026/03/19 16:15:09.035","93","SUCCESS"
"src/main/resources/xmltobq/ETL/m_DWH_E_D_CONTRATO_SG_PPE/_ETL_m_DWH_E_D_CONTRATO_SG_PPE.json","2026/03/17 17:24:18.720","93","SUCCESS"
"src/main/resources/xmltobq/DWH/m_DWH_E_L_PD_CLIENTES/_ETL_m_DWH_E_L_PD_CLIENTES.json","2026/03/19 16:05:41.141","88","SUCCESS"
"src/main/resources/xmltobq/DWH/m_DWH_LKP_MET_INFORMACION_NTRK_UPDATE/_ETL_m_DWH_LKP_MET_INFORMACION_NTRK_UPDATE.json","2026/03/19 22:43:03.984","87","SUCCESS"
"src/main/resources/xmltobq/DWH/m_DWH_LKP_CLIENTE_CORRESP_INSERT/_ETL_m_DWH_LKP_CLIENTE_CORRESP_INSERT.json","2026/03/19 19:34:01.854","85","SUCCESS"
"src/main/resources/xmltobq/DWH/m_DWH_L_TI_CODIGOS_IMPORTE_UPDATE_GCP/_ETL_m_DWH_L_TI_CODIGOS_IMPORTE_UPDATE_GCP.json","2026/03/19 20:04:48.716","84","SUCCESS"
"src/main/resources/xmltobq/DWH/m_DWH_LKP_COND_PART_TRAMO_INSERT/_ETL_m_DWH_LKP_COND_PART_TRAMO_INSERT.json","2026/03/19 19:37:09.807","83","SUCCESS"
"src/main/resources/xmltobq/DWH/m_DWH_D_CONTRATO_AGENTE_UPDATE/_ETL_m_DWH_D_CONTRATO_AGENTE_UPDATE.json","2026/03/17 21:40:40.892","82","SUCCESS"
"src/main/resources/xmltobq/DWH/m_DWH_L_TG_PAIS_RIESGO_INSERT/_ETL_m_DWH_L_TG_PAIS_RIESGO_INSERT.json","2026/03/19 20:17:32.989","81","SUCCESS"
"src/main/resources/xmltobq/DWH/m_DWH_F_SFMC_ACCION_UPDATE/_ETL_m_DWH_F_SFMC_ACCION_UPDATE.json","2026/03/19 17:39:51.333","81","SUCCESS"
"src/main/resources/xmltobq/DWH/m_DWH_D_UBR_CRES_GRUPO_OFICINAS_INSERT/_ETL_m_DWH_D_UBR_CRES_GRUPO_OFICINAS_INSERT.json","2026/03/19 17:34:43.156","80","SUCCESS"
"src/main/resources/xmltobq/ETL/m_DWH_E_MOD_MENSAJE_OPERADOR_FI/_ETL_m_DWH_E_MOD_MENSAJE_OPERADOR_FI.json","2026/03/19 15:05:01.366","80","SUCCESS"
"src/main/resources/xmltobq/ETL/m_DWH_E_D_CONTRATOS_SMARAG/_ETL_m_DWH_E_D_CONTRATOS_SMARAG.json","2026/03/17 17:18:02.646","80","SUCCESS"
"src/main/resources/xmltobq/ETL/m_DWH_E_F_REGULATORIOS_TEMPORALES1_GCP/_ETL_m_DWH_E_F_REGULATORIOS_TEMPORALES1_GCP.json","2026/03/19 12:08:28.267","79","SUCCESS"
"src/main/resources/xmltobq/ODS/SFE_ACTIVA_CLIENTE_25500_2/m_ODS_ACT_TASK/_ETL_m_ODS_ACT_TASK.json","2026/03/19 02:44:02.452","79","SUCCESS"
"src/main/resources/xmltobq/DWH/m_DWH_L_TI_ESTADO_N_UPDATE/_ETL_m_DWH_L_TI_ESTADO_N_UPDATE.json","2026/03/19 20:02:16.861","78","SUCCESS"
"src/main/resources/xmltobq/ETL/m_DWH_E_D_LIMITES_CREDITOS_CVCM/_ETL_m_DWH_E_D_LIMITES_CREDITOS_CVCM.json","2026/03/17 17:43:08.062","77","SUCCESS"
"src/main/resources/xmltobq/CDM/m_DM_MOD_TARJETAS/_ETL_m_DM_MOD_TARJETAS.json","2026/03/19 20:08:05.928","76","org.apache.spark.sql.catalyst.ExtendedAnalysisException(1): A column or function parameter with name <...> cannot be resolved"
"src/main/resources/xmltobq/DWH/m_DWH_D_UBR_SEGMENTO_INSERT/_ETL_m_DWH_D_UBR_SEGMENTO_INSERT.json","2026/03/19 19:16:00.619","76","SUCCESS"
"src/main/resources/xmltobq/DWH/m_DWH_D_TG_1217_IDENT_NACIONAL_UPDATE/_ETL_m_DWH_D_TG_1217_IDENT_NACIONAL_UPDATE.json","2026/03/19 14:42:45.079","76","SUCCESS"
"src/main/resources/xmltobq/ETL/m_DWH_E_F_REGULATORIOS_MIS_DIARIO/_ETL_m_DWH_E_F_REGULATORIOS_MIS_DIARIO.json","2026/03/19 12:03:41.585","76","SUCCESS"
"src/main/resources/xmltobq/DWH/m_DWH_L_TG_MOT_EXENCION_COMISION_UPDATE/_ETL_m_DWH_L_TG_MOT_EXENCION_COMISION_UPDATE.json","2026/03/19 20:21:19.306","75","SUCCESS"
"src/main/resources/xmltobq/DWH/m_DWH_L_TI_CALIFICACION_GEST_UPDATE/_ETL_m_DWH_L_TI_CALIFICACION_GEST_UPDATE.json","2026/03/19 20:06:16.582","75","SUCCESS"
"src/main/resources/xmltobq/DWH/m_DWH_L_TG_TIPO_BLOQUEO_UPDATE/_ETL_m_DWH_L_TG_TIPO_BLOQUEO_UPDATE.json","2026/03/19 20:11:21.224","74","SUCCESS"
"src/main/resources/xmltobq/DWH/m_DWH_L_TG_TIPO_GARANTIA_UPDATE_GCP/_ETL_m_DWH_L_TG_TIPO_GARANTIA_UPDATE_GCP.json","2026/03/19 20:10:03.104","74","SUCCESS"
"src/main/resources/xmltobq/DWH/m_DWH_L_TG_TIPO_VINC_DB_INSERT/_ETL_m_DWH_L_TG_TIPO_VINC_DB_INSERT.json","2026/03/19 20:08:44.504","74","SUCCESS"
"src/main/resources/xmltobq/CDM/m_DM_LKP_REL_CLIENTE/_ETL_m_DM_LKP_REL_CLIENTE.json","2026/03/19 17:39:56.863","72","SUCCESS"
"src/main/resources/xmltobq/ETL/m_DWH_E_MOD_ORDENES_CLIENTE_AF/_ETL_m_DWH_E_MOD_ORDENES_CLIENTE_AF.json","2026/03/19 15:07:48.078","72","SUCCESS"
"src/main/resources/xmltobq/DWH/m_DWH_L_TG_PLAZO_DELETE/_ETL_m_DWH_L_TG_PLAZO_DELETE.json","2026/03/19 20:16:17.636","71","SUCCESS"
"src/main/resources/xmltobq/DWH/m_DWH_L_TG_PROD_CRS_FATCA_INSERT/_ETL_m_DWH_L_TG_PROD_CRS_FATCA_INSERT.json","2026/03/19 20:13:56.136","71","SUCCESS"
"src/main/resources/xmltobq/DWH/m_DWH_EEMM_CUENTA_CONT_UPDATE/_ETL_m_DWH_EEMM_CUENTA_CONT_UPDATE.json","2026/03/19 13:17:31.843","71","SUCCESS"
"src/main/resources/xmltobq/DWH/m_DWH_L_TG_RELACION_PERSONAS_INSERT/_ETL_m_DWH_L_TG_RELACION_PERSONAS_INSERT.json","2026/03/19 20:12:40.821","70","SUCCESS"
"src/main/resources/xmltobq/ODS/MIS_590_2/m_STG_HIER_PRODMIS_PB_N7/_ETL_m_STG_HIER_PRODMIS_PB_N7.json","2026/03/19 16:15:10.384","70","SUCCESS"
"src/main/resources/xmltobq/ETL/m_DWH_E_MOD_CLIENTE_MOVIMIENTO_FI/_ETL_m_DWH_E_MOD_CLIENTE_MOVIMIENTO_FI.json","2026/03/19 14:59:18.448","70","SUCCESS"
"src/main/resources/xmltobq/DWH/m_DWH_L_TG_PAIS_BE_INSERT/_ETL_m_DWH_L_TG_PAIS_BE_INSERT.json","2026/03/19 20:18:55.900","69","SUCCESS"
"src/main/resources/xmltobq/CDM/m_DM_MOD_SITUAC_CONCURSAL/_ETL_m_DM_MOD_SITUAC_CONCURSAL.json","2026/03/19 20:02:16.840","69","SUCCESS"
"src/main/resources/xmltobq/ODS/MIS_590_2/m_STG_HIER_CTA_BAL_N6/_ETL_m_STG_HIER_CTA_BAL_N6.json","2026/03/19 12:23:55.079","69","SUCCESS"
"src/main/resources/xmltobq/DWH/m_DWH_LKP_CLIENTE_CORRESP_UPDATE/_ETL_m_DWH_LKP_CLIENTE_CORRESP_UPDATE.json","2026/03/19 13:29:57.793","68","org.apache.spark.SparkException(1): Multiple failures in stage materialization. | org.apache.spark.SparkException(1): Not enough memory to build and broadcast the table to all worker nodes. As a workaround, you can either disable broadcast by setting spark.sql.autoBroadcastJoinThreshold to -1 or increase the spark driver memory by setting spark.driver.memory to a higher value."
"src/main/resources/xmltobq/ETL/m_DWH_E_D_POLIZA_SG_RIESGO/_ETL_m_DWH_E_D_POLIZA_SG_RIESGO.json","2026/03/19 15:16:00.011","67","SUCCESS"
"src/main/resources/xmltobq/ETL/m_DWH_E_MOD_ORDENES_CLIENTE_SG_A/_ETL_m_DWH_E_MOD_ORDENES_CLIENTE_SG_A.json","2026/03/19 12:11:36.940","67","SUCCESS"
"src/main/resources/xmltobq/DWH/m_DWH_L_TG_PAISES_CRS_DELETE/_ETL_m_DWH_L_TG_PAISES_CRS_DELETE.json","2026/03/19 20:20:09.184","66","SUCCESS"
"src/main/resources/xmltobq/DWH/m_DWH_L_TI_ESTADO_N_INSERT/_ETL_m_DWH_L_TI_ESTADO_N_INSERT.json","2026/03/19 20:03:38.278","66","SUCCESS"
"src/main/resources/xmltobq/ETL/m_DWH_E_MOD_ORDENES_CLIENTE_FI_A/_ETL_m_DWH_E_MOD_ORDENES_CLIENTE_FI_A.json","2026/03/19 14:55:00.346","66","SUCCESS"
"src/main/resources/xmltobq/DWH/m_DWH_MOD_TARIF_COND_ESTD_UPDATE_GCP/_ETL_m_DWH_MOD_TARIF_COND_ESTD_UPDATE_GCP.json","2026/03/19 12:43:14.890","66","SUCCESS"
"src/main/resources/xmltobq/DWH/m_DWH_EEMM_CTRL_CALIDAD/_ETL_m_DWH_EEMM_CTRL_CALIDAD.json","2026/03/19 15:07:52.053","65","SUCCESS"
"src/main/resources/xmltobq/ODS/GENERAL_TABLES_5898_1/m_ODS_L_CIR_ESQUEMA_AMORTIZ/_ETL_m_ODS_L_CIR_ESQUEMA_AMORTIZ.json","2026/03/17 20:00:47.621","65","SUCCESS"
"src/main/resources/xmltobq/DWH/m_DWH_L_TG_MOT_EXENCION_COMISION_INSERT/_ETL_m_DWH_L_TG_MOT_EXENCION_COMISION_INSERT.json","2026/03/19 20:22:38.202","62","SUCCESS"
"src/main/resources/xmltobq/DWH/m_DWH_L_TIPO_CERTIFICADO_DELETE/_ETL_m_DWH_L_TIPO_CERTIFICADO_DELETE.json","2026/03/19 20:07:35.895","62","SUCCESS"
"src/main/resources/xmltobq/ETL/m_DWH_E_D_MOD_SUPLEM_SG_RIESGO/_ETL_m_DWH_E_D_MOD_SUPLEM_SG_RIESGO.json","2026/03/17 17:47:47.688","62","SUCCESS"
"src/main/resources/xmltobq/CDM/m_DM_ORM_LKP_DIEL_CANAL_PRODUCTO/_ETL_m_DM_ORM_LKP_DIEL_CANAL_PRODUCTO.json","2026/03/19 20:17:47.193","61","SUCCESS"
"src/main/resources/xmltobq/CDM/m_DM_MOD_TASACIONES/_ETL_m_DM_MOD_TASACIONES.json","2026/03/19 20:09:31.958","61","SUCCESS"
"src/main/resources/xmltobq/DWH/m_DWH_D_UBR_REL_CALIFICACION_INSERT/_ETL_m_DWH_D_UBR_REL_CALIFICACION_INSERT.json","2026/03/19 19:14:53.195","61","SUCCESS"
"src/main/resources/xmltobq/CDM/m_DM_L_DBP_PROVEEDOR/_ETL_m_DM_L_DBP_PROVEEDOR.json","2026/03/19 18:58:20.528","61","SUCCESS"
"src/main/resources/xmltobq/DWH/m_DWH_D_EMISIONES_CVCM_UPDATE/_ETL_m_DWH_D_EMISIONES_CVCM_UPDATE.json","2026/03/19 14:18:27.627","61","SUCCESS"
"src/main/resources/xmltobq/ODS/REPORTING_HO_ES_23094_1/m_ODS_TRANSACTION_PCAM/_ETL_m_ODS_TRANSACTION_PCAM.json","2026/03/19 01:25:41.004","61","SUCCESS"
"src/main/resources/xmltobq/DWH/m_DWH_L_TG_PLAZO_INSERT/_ETL_m_DWH_L_TG_PLAZO_INSERT.json","2026/03/19 20:15:11.688","60","SUCCESS"
"src/main/resources/xmltobq/ETL/m_DWH_E_MOD_CLIENTE_MOVIMIENTO_FI_TLP/_ETL_m_DWH_E_MOD_CLIENTE_MOVIMIENTO_FI_TLP.json","2026/03/19 15:11:15.602","59","SUCCESS"
"src/main/resources/xmltobq/DWH/m_DWH_D_TRANSF_RECIBIDA_EX_UPDATE/_ETL_m_DWH_D_TRANSF_RECIBIDA_EX_UPDATE.json","2026/03/19 13:16:31.145","59","SUCCESS"
"src/main/resources/xmltobq/DWH/m_DWH_LKP_COND_ESTD_TRAMO_UPDATE/_ETL_m_DWH_LKP_COND_ESTD_TRAMO_UPDATE.json","2026/03/19 13:11:27.252","59","SUCCESS"
"src/main/resources/xmltobq/CDM/m_DM_MOD_TARGET_MARKET/_ETL_m_DM_MOD_TARGET_MARKET.json","2026/03/19 20:05:08.987","58","SUCCESS"
"src/main/resources/xmltobq/DWH/m_DWH_LKP_CONTRATOS_CAJAS_ALQ_UPDATE/_ETL_m_DWH_LKP_CONTRATOS_CAJAS_ALQ_UPDATE.json","2026/03/19 15:16:23.735","58","SUCCESS"
"src/main/resources/xmltobq/CDM/m_DM_LKP_ACCESO_LOCAL_EB/_ETL_m_DM_LKP_ACCESO_LOCAL_EB.json","2026/03/19 15:07:52.675","58","SUCCESS"
"src/main/resources/xmltobq/CDM/m_DM_MOV_SEGUROS_CONTRATO/_ETL_m_DM_MOV_SEGUROS_CONTRATO.json","2026/03/19 20:16:13.160","57","SUCCESS"
"src/main/resources/xmltobq/ODS/REPORTING_HO_ES_23094_1/m_ODS_COLLATERAL_PROV_PCAM/_ETL_m_ODS_COLLATERAL_PROV_PCAM.json","2026/03/19 02:48:19.160","57","SUCCESS"
"src/main/resources/xmltobq/DWH/m_DWH_D_CONTRATOS_TARJETA_DELETE/_ETL_m_DWH_D_CONTRATOS_TARJETA_DELETE.json","2026/03/17 21:36:44.004","57","SUCCESS"
"src/main/resources/xmltobq/DWH/m_DWH_D_ACT_OUTPUT_SMART_MSJ_CLI_UPDATE/_ETL_m_DWH_D_ACT_OUTPUT_SMART_MSJ_CLI_UPDATE.json","2026/03/17 20:00:52.193","57","SUCCESS"
"src/main/resources/xmltobq/CDM/m_DM_PAR_PROD_SYNYGY/_ETL_m_DM_PAR_PROD_SYNYGY.json","2026/03/19 20:18:55.281","56","SUCCESS"
"src/main/resources/xmltobq/CDM/m_DM_MOD_TRAZ_REFINAN/_ETL_m_DM_MOD_TRAZ_REFINAN.json","2026/03/19 20:14:20.595","56","SUCCESS"
"src/main/resources/xmltobq/DWH/m_DWH_METODO_AUTEN_REDSYS_INSERT/_ETL_m_DWH_METODO_AUTEN_REDSYS_INSERT.json","2026/03/19 20:01:16.517","56","SUCCESS"
"src/main/resources/xmltobq/CDM/m_DM_MOD_TRANSFERENCIA_SEPA/_ETL_m_DM_MOD_TRANSFERENCIA_SEPA.json","2026/03/19 20:10:38.349","55","SUCCESS"
"src/main/resources/xmltobq/DWH/m_DWH_D_SOLICITUDES_UPDATE/_ETL_m_DWH_D_SOLICITUDES_UPDATE.json","2026/03/19 13:51:42.257","55","SUCCESS"
"src/main/resources/xmltobq/DWH/m_DWH_L_REL_CLIENTE_UPDATE/_ETL_m_DWH_L_REL_CLIENTE_UPDATE.json","2026/03/19 13:46:00.838","55","SUCCESS"
"src/main/resources/xmltobq/DWH/m_DWH_F_TRANSFERENCIA_SEPA_UPDATE/_ETL_m_DWH_F_TRANSFERENCIA_SEPA_UPDATE.json","2026/03/19 12:13:22.117","55","SUCCESS"
"src/main/resources/xmltobq/CDM/m_DM_MOD_TRASPASOS_FI/_ETL_m_DM_MOD_TRASPASOS_FI.json","2026/03/19 20:13:21.793","54","SUCCESS"
"src/main/resources/xmltobq/DWH/m_DWH_L_TG_CLASE_AVAL_UPDATE_GCP/_ETL_m_DWH_L_TG_CLASE_AVAL_UPDATE_GCP.json","2026/03/19 18:21:48.726","54","SUCCESS"
"src/main/resources/xmltobq/CDM/m_DM_LKP_CLIENTE_NEW_CLOSED_VERSIONS_2/_ETL_m_DM_LKP_CLIENTE_NEW_CLOSED_VERSIONS_2.json","2026/03/19 14:42:52.485","54","org.apache.spark.sql.catalyst.ExtendedAnalysisException(1): A column or function parameter with name <...> cannot be resolved"
"src/main/resources/xmltobq/DWH/m_LOAD_LKP_MOVIMIENTOS_DBLINE_UPDATE/_ETL_m_LOAD_LKP_MOVIMIENTOS_DBLINE_UPDATE.json","2026/03/19 01:06:28.273","54","SUCCESS"
"src/main/resources/xmltobq/CDM/m_DM_MOD_TARGET_MARKET_DBCRITERIA/_ETL_m_DM_MOD_TARGET_MARKET_DBCRITERIA.json","2026/03/19 20:06:13.063","53","SUCCESS"
"src/main/resources/xmltobq/DWH/m_DWH_F_CIRBE_MODULO_E_PAR_GCP/_ETL_m_DWH_F_CIRBE_MODULO_E_PAR_GCP.json","2026/03/19 16:28:15.227","53","SUCCESS"
"src/main/resources/xmltobq/DWH/m_DWH_L_TG_TRAMO_VIA_UPDATE_GCP/_ETL_m_DWH_L_TG_TRAMO_VIA_UPDATE_GCP.json","2026/03/19 12:54:13.339","53","SUCCESS"
"src/main/resources/xmltobq/DWH/m_DWH_F_TRANSFERENCIA_SEPA_INSERT/_ETL_m_DWH_F_TRANSFERENCIA_SEPA_INSERT.json","2026/03/19 12:50:04.102","53","SUCCESS"
"src/main/resources/xmltobq/CDM/m_DM_MOD_SHORTFALL_RATIO_ADIC_PAR/_ETL_m_DM_MOD_SHORTFALL_RATIO_ADIC_PAR.json","2026/03/19 20:01:19.855","52","SUCCESS"
"src/main/resources/xmltobq/DWH/m_DWH_D_DESCR_CUENTA_CONTABLE_UPDATE/_ETL_m_DWH_D_DESCR_CUENTA_CONTABLE_UPDATE.json","2026/03/19 18:42:18.823","52","SUCCESS"
"src/main/resources/xmltobq/DWH/m_DWH_D_OPERACION_DOC_CL_DELETE/_ETL_m_DWH_D_OPERACION_DOC_CL_DELETE.json","2026/03/19 17:12:54.465","52","SUCCESS"
"src/main/resources/xmltobq/ETL/m_DWH_E_LKP_INSTRUMENTOS_SG_A/_ETL_m_DWH_E_LKP_INSTRUMENTOS_SG_A.json","2026/03/19 15:51:38.659","52","SUCCESS"
"src/main/resources/xmltobq/ODS/MIS_590_2/m_STG_HIER_CTA_N1/_ETL_m_STG_HIER_CTA_N1.json","2026/03/19 12:50:04.952","52","SUCCESS"
"src/main/resources/xmltobq/ODS/SG_INSURANCES_AND_PENSION_PLANS_23128_1/m_ODS_TSG_18_VAL_LIQ_PE/_ETL_m_ODS_TSG_18_VAL_LIQ_PE.json","2026/03/19 03:53:02.294","52","SUCCESS"
"src/main/resources/xmltobq/ODS/SG_INSURANCES_AND_PENSION_PLANS_23128_1/m_ODS_TSG_67/_ETL_m_ODS_TSG_67.json","2026/03/19 02:09:51.892","52","SUCCESS"
"src/main/resources/xmltobq/ODS/COLLATERAL_SYSTEM_25503_1/m_ODS_F_GR_FGR240S/_ETL_m_ODS_F_GR_FGR240S.json","2026/03/17 18:15:36.651","52","SUCCESS"
"src/main/resources/xmltobq/ETL/m_DWH_E_D_DATOS_INTERMONEY_RECC/_ETL_m_DWH_E_D_DATOS_INTERMONEY_RECC.json","2026/03/17 17:27:59.453","52","SUCCESS"
"src/main/resources/xmltobq/DWH/m_DWH_L_TG_MOTIVO_ENVIO_MD_GLOB_INSERT/_ETL_m_DWH_L_TG_MOTIVO_ENVIO_MD_GLOB_INSERT.json","2026/03/19 20:23:44.582","51","SUCCESS"
"src/main/resources/xmltobq/DWH/m_LOAD_LKP_DIEL_FILTROS_DELETE/_ETL_m_LOAD_LKP_DIEL_FILTROS_DELETE.json","2026/03/19 19:54:05.967","51","SUCCESS"
"src/main/resources/xmltobq/DWH/m_DWH_LKP_INCENTIVOS_UPDATE/_ETL_m_DWH_LKP_INCENTIVOS_UPDATE.json","2026/03/19 17:47:00.722","51","SUCCESS"
"src/main/resources/xmltobq/ETL/m_DWH_E_MOD_PREGUNTAS_CE/_ETL_m_DWH_E_MOD_PREGUNTAS_CE.json","2026/03/19 15:01:15.234","51","SUCCESS"
"src/main/resources/xmltobq/DWH/m_DWH_D_DOMICILIACIONES_UPDATE/_ETL_m_DWH_D_DOMICILIACIONES_UPDATE.json","2026/03/19 12:12:29.514","51","SUCCESS"
"src/main/resources/xmltobq/ETL/m_DWH_E_D_CONTR_NO_VINCULADO_AG/_ETL_m_DWH_E_D_CONTR_NO_VINCULADO_AG.json","2026/03/17 17:26:38.717","51","SUCCESS"
"src/main/resources/xmltobq/CDM/m_DM_MOD_TARIF_COND_ESTD/_ETL_m_DM_MOD_TARIF_COND_ESTD.json","2026/03/19 20:07:11.543","50","SUCCESS"
"src/main/resources/xmltobq/DWH/m_DWH_D_EXCEPCION_LIQUID_AUTO_UPDATE/_ETL_m_DWH_D_EXCEPCION_LIQUID_AUTO_UPDATE.json","2026/03/19 18:39:34.849","50","SUCCESS"
"src/main/resources/xmltobq/DWH/m_DWH_L_ELEMENTO_INSERT/_ETL_m_DWH_L_ELEMENTO_INSERT.json","2026/03/19 18:26:18.705","50","SUCCESS"
"src/main/resources/xmltobq/ETL/m_DWH_E_LKP_COND_ESTD_CONTR_AVAL/_ETL_m_DWH_E_LKP_COND_ESTD_CONTR_AVAL.json","2026/03/19 18:21:47.984","50","SUCCESS"
"src/main/resources/xmltobq/CDM/m_DM_LKP_REL_SSI_CONTRATO/_ETL_m_DM_LKP_REL_SSI_CONTRATO.json","2026/03/19 17:47:06.920","50","SUCCESS"
"src/main/resources/xmltobq/ODS/PAYMENTS_544_2/m_ODS_TEX06/_ETL_m_ODS_TEX06.json","2026/03/19 02:29:01.545","50","SUCCESS"
"src/main/resources/xmltobq/ODS/PAYMENTS_544_2/m_ODS_TEX10/_ETL_m_ODS_TEX10.json","2026/03/19 02:15:31.270","50","SUCCESS"
"src/main/resources/xmltobq/DWH/m_DWH_F_SFMC_ACTIVIDAD_JOURNEY_INSERT/_ETL_m_DWH_F_SFMC_ACTIVIDAD_JOURNEY_INSERT.json","2026/03/19 23:28:55.175","49","SUCCESS"
"src/main/resources/xmltobq/DWH/m_DWH_L_TG_LICENCIA_UPDATE_GCP/_ETL_m_DWH_L_TG_LICENCIA_UPDATE_GCP.json","2026/03/19 20:25:58.199","49","SUCCESS"
"src/main/resources/xmltobq/CDM/m_DM_RECS_TYPE_35_GDV/_ETL_m_DM_RECS_TYPE_35_GDV.json","2026/03/19 20:23:29.044","49","java.lang.RuntimeException(1): Table <...> not found"
"src/main/resources/xmltobq/DWH/m_DWH_LKP_REL_GRUP_CLI_UPDATE/_ETL_m_DWH_LKP_REL_GRUP_CLI_UPDATE.json","2026/03/19 19:40:59.330","49","SUCCESS"
"src/main/resources/xmltobq/CDM/m_DM_MANUAL_ADJ_INV_T/_ETL_m_DM_MANUAL_ADJ_INV_T.json","2026/03/19 19:04:16.903","49","SUCCESS"
"src/main/resources/xmltobq/CDM/m_DM_HIER_CALIFICACION_MIS/_ETL_m_DM_HIER_CALIFICACION_MIS.json","2026/03/19 14:43:02.451","49","SUCCESS"
"src/main/resources/xmltobq/CDM/m_DM_MOD_VARIABLE_DOC_SD_PAR/_ETL_m_DM_MOD_VARIABLE_DOC_SD_PAR.json","2026/03/19 20:15:19.859","48","SUCCESS"
"src/main/resources/xmltobq/CDM/m_DM_MOD_PATRIMONIO_SG_PPI_PAR/_ETL_m_DM_MOD_PATRIMONIO_SG_PPI_PAR.json","2026/03/19 19:37:53.105","48","SUCCESS"
"src/main/resources/xmltobq/CDM/m_DM_LKP_BIENES_PM/_ETL_m_DM_LKP_BIENES_PM.json","2026/03/19 15:51:44.683","48","SUCCESS"
"src/main/resources/xmltobq/ETL/m_DWH_E_D_TITULARES_RDM/_ETL_m_DWH_E_D_TITULARES_RDM.json","2026/03/19 15:38:35.782","48","SUCCESS"
"src/main/resources/xmltobq/DWH/m_DWH_D_TIPO_GARANTIA_PERSONAL_UPDATE/_ETL_m_DWH_D_TIPO_GARANTIA_PERSONAL_UPDATE.json","2026/03/19 15:37:05.797","48","SUCCESS"
"src/main/resources/xmltobq/CDM/m_DM_LKP_CONTRATOS/_ETL_m_DM_LKP_CONTRATOS.json","2026/03/19 15:05:23.442","48","SUCCESS"
"src/main/resources/xmltobq/ETL/m_DWH_E_MOD_ORDENES_CLIENTE_FI_OTHERS/_ETL_m_DWH_E_MOD_ORDENES_CLIENTE_FI_OTHERS.json","2026/03/19 15:02:08.282","48","SUCCESS"
"src/main/resources/xmltobq/ETL/m_DWH_E_MOD_ORDENES_CLIENTE_FP/_ETL_m_DWH_E_MOD_ORDENES_CLIENTE_FP.json","2026/03/19 14:56:53.269","48","SUCCESS"
"src/main/resources/xmltobq/DWH/m_DWH_D_IMPOSICION_DEP_CVCM_UPDATE/_ETL_m_DWH_D_IMPOSICION_DEP_CVCM_UPDATE.json","2026/03/19 12:26:56.468","48","SUCCESS"
"src/main/resources/xmltobq/ETL/m_DWH_E_D_GTIA_REAL_CON_CONTRATO/_ETL_m_DWH_E_D_GTIA_REAL_CON_CONTRATO.json","2026/03/17 17:38:03.239","48","SUCCESS"
"src/main/resources/xmltobq/ETL/m_DWH_E_D_COND_ESPEC_COMISION_GB/_ETL_m_DWH_E_D_COND_ESPEC_COMISION_GB.json","2026/03/17 17:16:49.087","48","SUCCESS"
"src/main/resources/xmltobq/DWH/m_DWH_MOD_INSTRUMENTOS_UA/_ETL_m_DWH_MOD_INSTRUMENTOS_UA.json","2026/03/19 22:56:49.411","47","SUCCESS"
"src/main/resources/xmltobq/CDM/m_DM_MOD_SALDO_SAP_R3/_ETL_m_DM_MOD_SALDO_SAP_R3.json","2026/03/19 19:53:23.314","47","SUCCESS"
"src/main/resources/xmltobq/CDM/m_DM_MOD_SALDOS_CONTABLES/_ETL_m_DM_MOD_SALDOS_CONTABLES.json","2026/03/19 19:49:45.782","47","SUCCESS"
"src/main/resources/xmltobq/DWH/m_DWH_L_ADICIONAL_DOC_UPDATE/_ETL_m_DWH_L_ADICIONAL_DOC_UPDATE.json","2026/03/19 16:56:38.606","47","SUCCESS"
"src/main/resources/xmltobq/DWH/m_DWH_D_TRIBUTOS_DOM_EST_RT_INSERT/_ETL_m_DWH_D_TRIBUTOS_DOM_EST_RT_INSERT.json","2026/03/19 15:38:34.127","47","SUCCESS"
"src/main/resources/xmltobq/DWH/m_DQ3_ODS_PM_A6/_ETL_m_DQ3_ODS_PM_A6.json","2026/03/17 17:52:28.287","47","org.apache.spark.sql.AnalysisException(1): Syntax error in attribute name: __lkp__1285306000279833.."
"src/main/resources/xmltobq/DWH/m_DQ3_ODS_F_GR_GARANTIA/_ETL_m_DQ3_ODS_F_GR_GARANTIA.json","2026/03/17 17:30:27.629","47","org.apache.spark.sql.AnalysisException(1): Syntax error in attribute name: __lkp__1283985626778375.."
"src/main/resources/xmltobq/DWH/m_LOAD_LKP_ESTADOS_I/_ETL_m_LOAD_LKP_ESTADOS_I.json","2026/03/19 19:53:16.360","46","SUCCESS"
"src/main/resources/xmltobq/CDM/m_DM_LKP_MST_P07_DM_CM_ING_R_DM3/_ETL_m_DM_LKP_MST_P07_DM_CM_ING_R_DM3.json","2026/03/19 16:49:22.317","46","SUCCESS"
"src/main/resources/xmltobq/ETL/m_DWH_E_MOD_COSTE_MOV/_ETL_m_DWH_E_MOD_COSTE_MOV.json","2026/03/19 15:06:23.278","46","SUCCESS"
"src/main/resources/xmltobq/DWH/m_DWH_L_DBP_HIER_GLOBAL_UPDATE/_ETL_m_DWH_L_DBP_HIER_GLOBAL_UPDATE.json","2026/03/19 14:32:05.934","46","SUCCESS"
"src/main/resources/xmltobq/ODS/INVESTMENT_FUNDS_411_2/m_ODS_F_FI_PRODUCTOS/_ETL_m_ODS_F_FI_PRODUCTOS.json","2026/03/17 21:25:53.371","46","SUCCESS"
"src/main/resources/xmltobq/ODS/CARD_PROCESSING_644_1/m_ODS_TID_B6_COMERC/_ETL_m_ODS_TID_B6_COMERC.json","2026/03/17 17:49:05.386","46","SUCCESS"
"src/main/resources/xmltobq/CDM/m_DM_MOD_TAREAS_CCA/_ETL_m_DM_MOD_TAREAS_CCA.json","2026/03/19 20:04:20.259","45","SUCCESS"
"src/main/resources/xmltobq/CDM/m_DM_MOD_SUSC_REEM_DPM_PAR/_ETL_m_DM_MOD_SUSC_REEM_DPM_PAR.json","2026/03/19 20:03:30.674","45","SUCCESS"
"src/main/resources/xmltobq/DWH/m_LOAD_LKP_RESULTADO_TRANSACCION_UPDATE/_ETL_m_LOAD_LKP_RESULTADO_TRANSACCION_UPDATE.json","2026/03/19 19:49:45.027","45","SUCCESS"
"src/main/resources/xmltobq/CDM/m_DM_LKP_PERFIL_AGENTE/_ETL_m_DM_LKP_PERFIL_AGENTE.json","2026/03/19 17:13:02.210","45","SUCCESS"
"src/main/resources/xmltobq/DWH/m_DWH_MOD_COND_AVAL_GCP/_ETL_m_DWH_MOD_COND_AVAL_GCP.json","2026/03/19 12:02:07.866","45","SUCCESS"
"src/main/resources/xmltobq/ETL/m_DWH_E_F_GENERAL_UBR_GCP/_ETL_m_DWH_E_F_GENERAL_UBR_GCP.json","2026/03/19 01:06:54.561","45","java.lang.IllegalArgumentException(1): Lookup table 'DWH_E_D_UBR_PLANPROD_PRODRDM' not found in registry"
"src/main/resources/xmltobq/ETL/m_DWH_E_D_OPERACION_TS/_ETL_m_DWH_E_D_OPERACION_TS.json","2026/03/19 01:06:08.262","45","java.lang.IllegalArgumentException(1): Lookup table 'ODS_F_TS_CONT_TARJETA' not found in registry"
"src/main/resources/xmltobq/ODS/COMPLIANCE_MONEY_LAUNDRY_23456_1/m_ODS_PD_BQ_01/_ETL_m_ODS_PD_BQ_01.json","2026/03/17 18:26:31.162","45","SUCCESS"
"src/main/resources/xmltobq/CDM/m_DM_LKP_TIPO_INDICE_REF/_ETL_m_DM_LKP_TIPO_INDICE_REF.json","2026/03/19 18:26:28.254","44","SUCCESS"
"src/main/resources/xmltobq/DWH/m_DWH_D_PRESTAMOS_PM_UPDATE/_ETL_m_DWH_D_PRESTAMOS_PM_UPDATE.json","2026/03/19 16:20:45.380","44","SUCCESS"
"src/main/resources/xmltobq/ETL/m_DWH_E_F_ODIGO_GATES_DETAIL/_ETL_m_DWH_E_F_ODIGO_GATES_DETAIL.json","2026/03/19 15:19:16.646","44","SUCCESS"
"src/main/resources/xmltobq/ODS/REPORTING_HO_ES_23094_1/m_ODS_TRANSACTION_CIB/_ETL_m_ODS_TRANSACTION_CIB.json","2026/03/19 01:26:43.976","44","SUCCESS"
"src/main/resources/xmltobq/CDM/m_DM_STG_LKP_CLIENTE_ODIGO/_ETL_m_DM_STG_LKP_CLIENTE_ODIGO.json","2026/03/19 20:26:11.420","43","java.lang.RuntimeException(1): Table <...> not found"
"src/main/resources/xmltobq/DWH/m_LOAD_LKP_CATEGORIAS_I/_ETL_m_LOAD_LKP_CATEGORIAS_I.json","2026/03/19 19:56:56.498","43","SUCCESS"
"src/main/resources/xmltobq/DWH/m_LOAD_LKP_TIPO_FORMULARIO_MIFID_UPDATE/_ETL_m_LOAD_LKP_TIPO_FORMULARIO_MIFID_UPDATE.json","2026/03/19 19:45:32.157","43","SUCCESS"
"src/main/resources/xmltobq/DWH/m_DWH_D_TIPO_GARANTIA_INSERT_GCP/_ETL_m_DWH_D_TIPO_GARANTIA_INSERT_GCP.json","2026/03/19 17:30:25.256","43","SUCCESS"
"src/main/resources/xmltobq/DWH/m_DWH_MOD_ORDENES_CLIENTES_UPDATE/_ETL_m_DWH_MOD_ORDENES_CLIENTES_UPDATE.json","2026/03/19 16:22:42.747","43","SUCCESS"
"src/main/resources/xmltobq/CDM/m_DM_LKP_FACTURAS_PM/_ETL_m_DM_LKP_FACTURAS_PM.json","2026/03/19 15:51:39.219","43","SUCCESS"
"src/main/resources/xmltobq/ETL/m_DWH_E_LKP_DOC_ACUERDO_CLIENTE_QS/_ETL_m_DWH_E_LKP_DOC_ACUERDO_CLIENTE_QS.json","2026/03/19 15:37:15.637","43","SUCCESS"
"src/main/resources/xmltobq/CDM/m_DM_LKP_CONTR_TARJ_MORATORIA/_ETL_m_DM_LKP_CONTR_TARJ_MORATORIA.json","2026/03/19 15:16:25.979","43","SUCCESS"
"src/main/resources/xmltobq/ETL/m_DWH_E_MOD_PREGUNTAS_CE_OTC/_ETL_m_DWH_E_MOD_PREGUNTAS_CE_OTC.json","2026/03/19 15:00:29.829","43","SUCCESS"
"src/main/resources/xmltobq/ETL/m_DWH_E_F_PATRIMONIO_SG_PPE/_ETL_m_DWH_E_F_PATRIMONIO_SG_PPE.json","2026/03/19 14:56:08.321","43","SUCCESS"
"src/main/resources/xmltobq/DWH/m_DWH_LKP_INSTRUMENTO_SG_PPI_UPDATE/_ETL_m_DWH_LKP_INSTRUMENTO_SG_PPI_UPDATE.json","2026/03/19 14:49:08.795","43","SUCCESS"
"src/main/resources/xmltobq/DWH/m_DWH_LKP_PROD_CONCEPTO_TARIFA_UPDATE/_ETL_m_DWH_LKP_PROD_CONCEPTO_TARIFA_UPDATE.json","2026/03/19 13:23:02.584","43","SUCCESS"
"src/main/resources/xmltobq/ODS/SFE_ACTIVA_CLIENTE_25500_2/m_ODS_ACT_MGM_PROMOTION/_ETL_m_ODS_ACT_MGM_PROMOTION.json","2026/03/19 12:12:43.458","43","SUCCESS"
"src/main/resources/xmltobq/DWH/m_DQ3_ODS_F_PM_CONDICIONES_ECO/_ETL_m_DQ3_ODS_F_PM_CONDICIONES_ECO.json","2026/03/17 17:33:53.545","43","org.apache.spark.sql.AnalysisException(1): Syntax error in attribute name: __lkp__1284187467348833.."
"src/main/resources/xmltobq/ETL/m_DWH_E_D_CONTRATO_SG_PPI/_ETL_m_DWH_E_D_CONTRATO_SG_PPI.json","2026/03/17 17:25:53.214","43","SUCCESS"
"src/main/resources/xmltobq/DWH/m_DWH_D_DESCUBIERTOS_CVCM_INSERT/_ETL_m_DWH_D_DESCUBIERTOS_CVCM_INSERT.json","2026/03/19 22:25:17.800","42","SUCCESS"
"src/main/resources/xmltobq/DWH/m_DWH_L_NT_MOTIVO_CONSENTIMIENTO_UPDATE/_ETL_m_DWH_L_NT_MOTIVO_CONSENTIMIENTO_UPDATE.json","2026/03/19 22:08:31.627","42","SUCCESS"
"src/main/resources/xmltobq/CDM/m_DM_LKP_MOVIMIENTOS_PM_DELETED_INSERT_GCP/_ETL_m_DM_LKP_MOVIMIENTOS_PM_DELETED_INSERT_GCP.json","2026/03/19 16:43:11.103","42","SUCCESS"
"src/main/resources/xmltobq/DWH/m_LOAD_LKP_PARAMS_JERARQUIA_GESTORES_DELETE/_ETL_m_LOAD_LKP_PARAMS_JERARQUIA_GESTORES_DELETE.json","2026/03/19 15:51:55.572","42","SUCCESS"
"src/main/resources/xmltobq/DWH/m_DWH_D_NOTIFICACIONES_NHUB_UPDATE/_ETL_m_DWH_D_NOTIFICACIONES_NHUB_UPDATE.json","2026/03/19 14:06:37.786","42","SUCCESS"
"src/main/resources/xmltobq/DWH/m_DQ3_ODS_F_VA_EMISION/_ETL_m_DQ3_ODS_F_VA_EMISION.json","2026/03/17 17:40:08.670","42","org.apache.spark.sql.AnalysisException(1): Syntax error in attribute name: __lkp__1284561519571000.."
"src/main/resources/xmltobq/DWH/m_DQ3_ODS_F_AF_OPE_MERCADO/_ETL_m_DQ3_ODS_F_AF_OPE_MERCADO.json","2026/03/17 17:22:33.332","42","org.apache.spark.sql.AnalysisException(1): Syntax error in attribute name: __lkp__1283506122488791.."
"src/main/resources/xmltobq/CDM/m_DM_MOD_DEUDGESC/_ETL_m_DM_MOD_DEUDGESC.json","2026/03/19 19:16:48.617","41","SUCCESS"
"src/main/resources/xmltobq/CDM/m_DM_LKP_ALEPH_NIVEL_RIESGO/_ETL_m_DM_LKP_ALEPH_NIVEL_RIESGO.json","2026/03/19 15:38:30.280","41","SUCCESS"
"src/main/resources/xmltobq/ODS/SFE_ACTIVA_CLIENTE_25500_2/m_ODS_ACT_FAMILY_UNIT/_ETL_m_ODS_ACT_FAMILY_UNIT.json","2026/03/19 12:11:00.502","41","SUCCESS"
"src/main/resources/xmltobq/ODS/PAYMENTS_544_2/m_ODS_TEX02/_ETL_m_ODS_TEX02.json","2026/03/19 01:45:40.397","41","SUCCESS"
"src/main/resources/xmltobq/ODS/COLLATERAL_SYSTEM_25503_1/m_ODS_F_GR_GARANTIA/_ETL_m_ODS_F_GR_GARANTIA.json","2026/03/17 18:17:19.048","41","SUCCESS"
"src/main/resources/xmltobq/ETL/m_DWH_E_D_LOTE_DB_ZURICH/_ETL_m_DWH_E_D_LOTE_DB_ZURICH.json","2026/03/17 17:44:44.436","41","SUCCESS"
"src/main/resources/xmltobq/ETL/m_DWH_E_D_CONTRATO_AGENTE/_ETL_m_DWH_E_D_CONTRATO_AGENTE.json","2026/03/17 17:19:37.762","41","SUCCESS"
"src/main/resources/xmltobq/DWH/m_DWH_L_NGEM_EMPLEADOS_DELETE/_ETL_m_DWH_L_NGEM_EMPLEADOS_DELETE.json","2026/03/19 20:41:04.333","40","SUCCESS"
"src/main/resources/xmltobq/CDM/m_DM_MOD_RESUGESC/_ETL_m_DM_MOD_RESUGESC.json","2026/03/19 19:48:07.324","40","SUCCESS"
"src/main/resources/xmltobq/CDM/m_DM_MOD_PATRIMONIO_SG_PPE_PAR/_ETL_m_DM_MOD_PATRIMONIO_SG_PPE_PAR.json","2026/03/19 19:37:10.968","40","SUCCESS"
"src/main/resources/xmltobq/CDM/m_DM_MOD_CONTRATOS_METRICAS_NMIS/_ETL_m_DM_MOD_CONTRATOS_METRICAS_NMIS.json","2026/03/19 19:12:09.423","40","SUCCESS"
"src/main/resources/xmltobq/DWH/m_DWH_D_MODULO_GVO_EB_INSERT/_ETL_m_DWH_D_MODULO_GVO_EB_INSERT.json","2026/03/19 18:58:14.943","40","SUCCESS"
"src/main/resources/xmltobq/DWH/m_DWH_D_UBR_GRUPO_SEGMENTO_MIS_UPDATE/_ETL_m_DWH_D_UBR_GRUPO_SEGMENTO_MIS_UPDATE.json","2026/03/19 16:26:26.397","40","SUCCESS"
"src/main/resources/xmltobq/DWH/m_DWH_LKP_CONTRATO_DP_UPDATE/_ETL_m_DWH_LKP_CONTRATO_DP_UPDATE.json","2026/03/19 15:15:42.033","40","SUCCESS"
"src/main/resources/xmltobq/DWH/m_DWH_D_UBR_OBTENCION_COD_UBR_2_UPDATE/_ETL_m_DWH_D_UBR_OBTENCION_COD_UBR_2_UPDATE.json","2026/03/19 14:25:58.276","40","SUCCESS"
"src/main/resources/xmltobq/DWH/m_LOAD_LKP_LISTA_PEP_UPDATE/_ETL_m_LOAD_LKP_LISTA_PEP_UPDATE.json","2026/03/19 13:45:19.399","40","SUCCESS"
"src/main/resources/xmltobq/DWH/m_DWH_L_CIR_CLASIFIC_GARAN_UPDATE_GCP/_ETL_m_DWH_L_CIR_CLASIFIC_GARAN_UPDATE_GCP.json","2026/03/19 13:40:41.139","40","SUCCESS"
"src/main/resources/xmltobq/ODS/EXPERT_ASSISTANT_FEED_23118_1/m_ODS_L_ACTAS_MIFID/_ETL_m_ODS_L_ACTAS_MIFID.json","2026/03/17 19:19:05.212","40","SUCCESS"
"src/main/resources/xmltobq/RDM/m_RDM_F_CIRBE_MODULO_B_GARANTES_PAR/_ETL_m_RDM_F_CIRBE_MODULO_B_GARANTES_PAR.json","2026/03/17 18:26:25.273","40","SUCCESS"
"src/main/resources/xmltobq/DWH/m_LOAD_LKP_NIVEL_RIESGO_INSERT/_ETL_m_LOAD_LKP_NIVEL_RIESGO_INSERT.json","2026/03/19 19:51:52.613","39","SUCCESS"
"src/main/resources/xmltobq/DWH/m_DWH_D_MOD_SUPLEM_SG_RIESGO_INSERT/_ETL_m_DWH_D_MOD_SUPLEM_SG_RIESGO_INSERT.json","2026/03/19 18:57:05.050","39","SUCCESS"
"src/main/resources/xmltobq/CDM/m_DM_LKP_MOVIMIENTOS_PM_DELETED_GCP/_ETL_m_DM_LKP_MOVIMIENTOS_PM_DELETED_GCP.json","2026/03/19 16:42:30.107","39","SUCCESS"
"src/main/resources/xmltobq/DWH/m_DWH_L_TG_PLANPROD_CONT_UPDATE_GCP/_ETL_m_DWH_L_TG_PLANPROD_CONT_UPDATE_GCP.json","2026/03/19 13:54:22.656","39","SUCCESS"
"src/main/resources/xmltobq/ODS/SFE_ACTIVA_CLIENTE_25500_2/m_ODS_ACT_DOCUMENT_CATEGORY/_ETL_m_ODS_ACT_DOCUMENT_CATEGORY.json","2026/03/19 12:09:35.526","39","SUCCESS"
"src/main/resources/xmltobq/ODS/SFE_ACTIVA_CLIENTE_25500_2/m_ODS_ACT_BPM_DYN_FIELD_VALUES/_ETL_m_ODS_ACT_BPM_DYN_FIELD_VALUES.json","2026/03/19 12:04:51.476","39","SUCCESS"
"src/main/resources/xmltobq/DWH/m_DWH_D_VAL_LIQUID_SG_PPE_UPDATE/_ETL_m_DWH_D_VAL_LIQUID_SG_PPE_UPDATE.json","2026/03/19 01:46:20.573","39","SUCCESS"
"src/main/resources/xmltobq/ETL/m_DWH_E_MOD_DB_DIRECT_EB_SIN_LIMITES/_ETL_m_DWH_E_MOD_DB_DIRECT_EB_SIN_LIMITES.json","2026/03/19 01:13:43.969","39","java.lang.RuntimeException(1): Source table '<...>' not found in pre-loaded sourceDfMap"
"src/main/resources/xmltobq/DWH/m_DWH_F_CIRBE_MODULO_E_PAR/_ETL_m_DWH_F_CIRBE_MODULO_E_PAR.json","2026/03/19 01:04:34.327","39","SUCCESS"
"src/main/resources/xmltobq/ETL/m_DWH_E_D_HIER_COMERCIAL/_ETL_m_DWH_E_D_HIER_COMERCIAL.json","2026/03/17 17:39:27.319","39","SUCCESS"
"src/main/resources/xmltobq/ODS/CARD_PROCESSING_644_1/m_ODS_F_TS_CONT_TARJETA/_ETL_m_ODS_F_TS_CONT_TARJETA.json","2026/03/17 17:30:20.799","39","SUCCESS"
"src/main/resources/xmltobq/DWH/m_DWH_D_UBR_GRUPO_SEGMENTO_MIS_INSERT/_ETL_m_DWH_D_UBR_GRUPO_SEGMENTO_MIS_INSERT.json","2026/03/19 21:18:32.590","38","SUCCESS"
"src/main/resources/xmltobq/CDM/m_DM_MOD_POSICION_CUENTA_EOD_CVCM_PAR/_ETL_m_DM_MOD_POSICION_CUENTA_EOD_CVCM_PAR.json","2026/03/19 19:41:16.668","38","SUCCESS"
"src/main/resources/xmltobq/DWH/m_DWH_D_INSTRUMENTOS_WM_INSERT/_ETL_m_DWH_D_INSTRUMENTOS_WM_INSERT.json","2026/03/19 19:31:29.284","38","SUCCESS"
"src/main/resources/xmltobq/DWH/m_DWH_LKP_MOVIMIENTO_DP_UPDATE/_ETL_m_DWH_LKP_MOVIMIENTO_DP_UPDATE.json","2026/03/19 19:26:07.311","38","SUCCESS"
"src/main/resources/xmltobq/CDM/m_DM_MOD_DECLARACION_JH_PAR/_ETL_m_DM_MOD_DECLARACION_JH_PAR.json","2026/03/19 19:15:32.657","38","SUCCESS"
"src/main/resources/xmltobq/DWH/m_DWH_D_PRESCRIPTORES_PR_INSERT/_ETL_m_DWH_D_PRESCRIPTORES_PR_INSERT.json","2026/03/19 17:06:52.721","38","SUCCESS"
"src/main/resources/xmltobq/DWH/m_DWH_L_NGEM_EMPLEADOS_UPDATE/_ETL_m_DWH_L_NGEM_EMPLEADOS_UPDATE.json","2026/03/19 16:53:50.513","38","SUCCESS"
"src/main/resources/xmltobq/CDM/m_DM_LKP_ACT_SEGUIMIENTO_TAREA/_ETL_m_DM_LKP_ACT_SEGUIMIENTO_TAREA.json","2026/03/19 15:30:50.475","38","SUCCESS"
"src/main/resources/xmltobq/DWH/m_DWH_L_NOTIF_ELEC_UPDATE/_ETL_m_DWH_L_NOTIF_ELEC_UPDATE.json","2026/03/19 15:22:07.872","38","SUCCESS"
"src/main/resources/xmltobq/CDM/m_DM_LKP_CONTACTO_CLIENTE_ACTIVA_PAR/_ETL_m_DM_LKP_CONTACTO_CLIENTE_ACTIVA_PAR.json","2026/03/19 15:02:17.206","38","SUCCESS"
"src/main/resources/xmltobq/ETL/m_DWH_E_LKP_PRECIO_INV_SG_E/_ETL_m_DWH_E_LKP_PRECIO_INV_SG_E.json","2026/03/19 14:51:43.171","38","SUCCESS"
"src/main/resources/xmltobq/CDM/m_DM_HIER_CENTRO_MES_6/_ETL_m_DM_HIER_CENTRO_MES_6.json","2026/03/19 14:49:17.066","38","SUCCESS"
"src/main/resources/xmltobq/DWH/m_LOAD_LKP_CONTR_TARJ_MORATORIA_UPDATE/_ETL_m_LOAD_LKP_CONTR_TARJ_MORATORIA_UPDATE.json","2026/03/19 14:29:38.516","38","SUCCESS"
"src/main/resources/xmltobq/DWH/m_DWH_F_TRANSF_EXTRANJ_ISO20022_INSERT/_ETL_m_DWH_F_TRANSF_EXTRANJ_ISO20022_INSERT.json","2026/03/19 13:44:02.552","38","SUCCESS"
"src/main/resources/xmltobq/DWH/m_DWH_D_REL_CONTR_AG_CONTR_CLI_UPDATE/_ETL_m_DWH_D_REL_CONTR_AG_CONTR_CLI_UPDATE.json","2026/03/19 13:27:29.541","38","SUCCESS"
"src/main/resources/xmltobq/ODS/LOANS_AND_LEASING_527_1/m_ODS_TPM51/_ETL_m_ODS_TPM51.json","2026/03/19 11:45:40.310","38","SUCCESS"
"src/main/resources/xmltobq/RDM/m_RDM_F_REGULATORIOS_DF/_ETL_m_RDM_F_REGULATORIOS_DF.json","2026/03/17 18:44:57.503","38","SUCCESS"
"src/main/resources/xmltobq/ODS/CARD_PROCESSING_644_1/m_STG_LKP_MOTIVO_BAJA_TJ/_ETL_m_STG_LKP_MOTIVO_BAJA_TJ.json","2026/03/17 17:52:35.283","38","SUCCESS"
"src/main/resources/xmltobq/ODS/CARD_PROCESSING_644_1/m_ODS_TID97/_ETL_m_ODS_TID97.json","2026/03/17 17:37:34.624","38","SUCCESS"
"src/main/resources/xmltobq/DWH/m_LOAD_LKP_CANAL_FISICO_UPDATE/_ETL_m_LOAD_LKP_CANAL_FISICO_UPDATE.json","2026/03/19 19:57:42.524","37","SUCCESS"
"src/main/resources/xmltobq/DWH/m_LOAD_LKP_COMUNICACION_COTITULAR_REV_UPDATE/_ETL_m_LOAD_LKP_COMUNICACION_COTITULAR_REV_UPDATE.json","2026/03/19 19:55:39.690","37","SUCCESS"
"src/main/resources/xmltobq/DWH/m_LOAD_LKP_EVENTO_TRANSACCION_UPDATE/_ETL_m_LOAD_LKP_EVENTO_TRANSACCION_UPDATE.json","2026/03/19 19:52:35.519","37","SUCCESS"
"src/main/resources/xmltobq/DWH/m_DWH_D_HIER_COMERCIAL_INSERT/_ETL_m_DWH_D_HIER_COMERCIAL_INSERT.json","2026/03/19 19:04:05.636","37","SUCCESS"
"src/main/resources/xmltobq/CDM/m_DM_LKP_TIPO_DIR_TELCO_NEW/_ETL_m_DM_LKP_TIPO_DIR_TELCO_NEW.json","2026/03/19 18:21:45.556","37","SUCCESS"
"src/main/resources/xmltobq/CDM/m_DM_LKP_REL_CONTR_AG_CONTR_CLI/_ETL_m_DM_LKP_REL_CONTR_AG_CONTR_CLI.json","2026/03/19 17:43:42.653","37","SUCCESS"
"src/main/resources/xmltobq/DWH/m_DWH_L_TG_INE_POSTAL_UPDATE_GCP/_ETL_m_DWH_L_TG_INE_POSTAL_UPDATE_GCP.json","2026/03/19 16:49:43.009","37","SUCCESS"
"src/main/resources/xmltobq/DWH/m_DWH_D_IMPAGADO_REC_TJ_INSERT/_ETL_m_DWH_D_IMPAGADO_REC_TJ_INSERT.json","2026/03/19 16:17:13.746","37","SUCCESS"
"src/main/resources/xmltobq/ETL/m_DWH_E_MOD_FIN_INSTRUMENT_DET_POS_FI_CU/_ETL_m_DWH_E_MOD_FIN_INSTRUMENT_DET_POS_FI_CU.json","2026/03/19 15:31:12.331","37","SUCCESS"
"src/main/resources/xmltobq/DWH/m_DWH_D_UBR_OBTENCION_COD_UBR_UPDATE/_ETL_m_DWH_D_UBR_OBTENCION_COD_UBR_UPDATE.json","2026/03/19 15:06:49.649","37","SUCCESS"
"src/main/resources/xmltobq/DWH/m_DWH_D_UBR_FINANCE_IDENT_GROUP_UPDATE/_ETL_m_DWH_D_UBR_FINANCE_IDENT_GROUP_UPDATE.json","2026/03/19 15:05:38.470","37","SUCCESS"
"src/main/resources/xmltobq/DWH/m_DWH_D_TRANS_OPCIONES_FX_UPDATE/_ETL_m_DWH_D_TRANS_OPCIONES_FX_UPDATE.json","2026/03/19 12:47:13.700","37","SUCCESS"
"src/main/resources/xmltobq/ODS/SFE_ACTIVA_CLIENTE_25500_2/m_ODS_ACT_SUBFAMILIA/_ETL_m_ODS_ACT_SUBFAMILIA.json","2026/03/19 12:16:36.309","37","SUCCESS"
"src/main/resources/xmltobq/ETL/m_DWH_E_D_REL_CONTRATO_AG_CLIENTE/_ETL_m_DWH_E_D_REL_CONTRATO_AG_CLIENTE.json","2026/03/19 12:12:45.305","37","SUCCESS"
"src/main/resources/xmltobq/ODS/SFE_ACTIVA_CLIENTE_25500_2/m_ODS_ACT_FAMILIA/_ETL_m_ODS_ACT_FAMILIA.json","2026/03/19 12:10:19.045","37","SUCCESS"
"src/main/resources/xmltobq/DWH/m_DQ3_ODS_PR_10_PRESCRIPTORES/_ETL_m_DQ3_ODS_PR_10_PRESCRIPTORES.json","2026/03/17 18:14:26.033","37","org.apache.spark.sql.AnalysisException(1): Syntax error in attribute name: __lkp__1285932877282333.."
"src/main/resources/xmltobq/ETL/m_DWH_E_D_CLASIFICACION_GB/_ETL_m_DWH_E_D_CLASIFICACION_GB.json","2026/03/17 17:16:10.272","37","SUCCESS"
"src/main/resources/xmltobq/CDM/m_DM_MOD_SGR_EMPRESAS/_ETL_m_DM_MOD_SGR_EMPRESAS.json","2026/03/19 19:59:04.993","36","SUCCESS"
"src/main/resources/xmltobq/CDM/m_DM_MOD_SFMC_ACCION/_ETL_m_DM_MOD_SFMC_ACCION.json","2026/03/19 19:54:14.907","36","SUCCESS"
"src/main/resources/xmltobq/CDM/m_DM_MOD_PULSE_MANAGER_PAR/_ETL_m_DM_MOD_PULSE_MANAGER_PAR.json","2026/03/19 19:45:29.516","36","SUCCESS"
"src/main/resources/xmltobq/DWH/m_DWH_D_GESTORA_SG_PPI_INSERT/_ETL_m_DWH_D_GESTORA_SG_PPI_INSERT.json","2026/03/19 19:07:55.240","36","SUCCESS"
"src/main/resources/xmltobq/DWH/m_DWH_D_MOTIVO_REPARAC_EX_INSERT/_ETL_m_DWH_D_MOTIVO_REPARAC_EX_INSERT.json","2026/03/19 18:56:05.439","36","SUCCESS"
"src/main/resources/xmltobq/CDM/m_DM_LKP_SOFTOKEN_DBLINE/_ETL_m_DM_LKP_SOFTOKEN_DBLINE.json","2026/03/19 18:05:02.335","36","SUCCESS"
"src/main/resources/xmltobq/DWH/m_DWH_D_UBR_OBTENCION_COD_UBR_2_INSERT/_ETL_m_DWH_D_UBR_OBTENCION_COD_UBR_2_INSERT.json","2026/03/19 17:36:04.758","36","SUCCESS"
"src/main/resources/xmltobq/ETL/m_DWH_E_MOD_MENSAJE_OPERADOR_AF/_ETL_m_DWH_E_MOD_MENSAJE_OPERADOR_AF.json","2026/03/19 15:30:34.352","36","SUCCESS"
"src/main/resources/xmltobq/DWH/m_LOAD_HIER_CENTRO_UPDATE/_ETL_m_LOAD_HIER_CENTRO_UPDATE.json","2026/03/19 15:19:09.841","36","SUCCESS"
"src/main/resources/xmltobq/ETL/m_DWH_E_D_TSG_P1_PRESTACION_PPI/_ETL_m_DWH_E_D_TSG_P1_PRESTACION_PPI.json","2026/03/19 14:54:22.702","36","SUCCESS"
"src/main/resources/xmltobq/ETL/m_DWH_E_F_HISTORICO_OPERACION_VL_CU/_ETL_m_DWH_E_F_HISTORICO_OPERACION_VL_CU.json","2026/03/19 14:50:09.589","36","SUCCESS"
"src/main/resources/xmltobq/DWH/m_DWH_LKP_DIR_POSTAL_UPDATE/_ETL_m_DWH_LKP_DIR_POSTAL_UPDATE.json","2026/03/19 14:34:50.914","36","SUCCESS"
"src/main/resources/xmltobq/DWH/m_DWH_D_LOTE_EB_UPDATE/_ETL_m_DWH_D_LOTE_EB_UPDATE.json","2026/03/19 13:33:38.149","36","SUCCESS"
"src/main/resources/xmltobq/ODS/PARTNER_DATA_4433_1/m_STG_LKP_CUESTIONARIO_MIFID_PREG/_ETL_m_STG_LKP_CUESTIONARIO_MIFID_PREG.json","2026/03/19 13:04:38.794","36","SUCCESS"
"src/main/resources/xmltobq/ODS/SFE_ACTIVA_CLIENTE_25500_2/m_ODS_ACT_CUSTOMER_SUB_CAMPAIGN/_ETL_m_ODS_ACT_CUSTOMER_SUB_CAMPAIGN.json","2026/03/19 12:08:55.330","36","SUCCESS"
"src/main/resources/xmltobq/DWH/m_DWH_D_UBR_SEGMENTO_UPDATE/_ETL_m_DWH_D_UBR_SEGMENTO_UPDATE.json","2026/03/19 12:04:41.173","36","SUCCESS"
"src/main/resources/xmltobq/ODS/SG_INSURANCES_AND_PENSION_PLANS_23128_1/m_ODS_TSG_G3_PLAN_FONDO_PPI/_ETL_m_ODS_TSG_G3_PLAN_FONDO_PPI.json","2026/03/19 04:13:57.108","36","SUCCESS"
"src/main/resources/xmltobq/ODS/PAYMENTS_544_2/m_ODS_TEX04/_ETL_m_ODS_TEX04.json","2026/03/19 02:06:01.868","36","SUCCESS"
"src/main/resources/xmltobq/ODS/LOANS_AND_LEASING_527_1/m_ODS_PM_20/_ETL_m_ODS_PM_20.json","2026/03/17 21:41:26.753","36","SUCCESS"
"src/main/resources/xmltobq/ODS/LOANS_AND_LEASING_527_1/m_ODS_F_PM_PROPUESTAS/_ETL_m_ODS_F_PM_PROPUESTAS.json","2026/03/17 21:38:03.155","36","SUCCESS"
"src/main/resources/xmltobq/ODS/INSOLVENCIES_SYSTEM_637_1/m_ODS_F_SE_CONTRATOS/_ETL_m_ODS_F_SE_CONTRATOS.json","2026/03/17 21:16:55.531","36","SUCCESS"
"src/main/resources/xmltobq/DWH/m_DQ3_ODS_BQ_05/_ETL_m_DQ3_ODS_BQ_05.json","2026/03/17 21:01:42.943","36","org.apache.spark.sql.AnalysisException(1): Syntax error in attribute name: __lkp__1295967918316625.."
"src/main/resources/xmltobq/ODS/GENERAL_LEDGER_5900_2/m_ODS_UBR_GRAL_INDI_EST_EXCL/_ETL_m_ODS_UBR_GRAL_INDI_EST_EXCL.json","2026/03/17 19:56:24.596","36","SUCCESS"
"src/main/resources/xmltobq/DWH/m_DQ3_ODS_F_PM_PROPUESTAS/_ETL_m_DQ3_ODS_F_PM_PROPUESTAS.json","2026/03/17 17:35:56.758","36","org.apache.spark.sql.AnalysisException(1): Syntax error in attribute name: __lkp__1284304149421750.."
"src/main/resources/xmltobq/DWH/m_DQ3_ODS_BQ_01/_ETL_m_DQ3_ODS_BQ_01.json","2026/03/17 17:11:05.233","36","org.apache.spark.sql.AnalysisException(1): Syntax error in attribute name: __lkp__1282812291244416.."
"src/main/resources/xmltobq/DWH/m_DWH_L_TG_MOD_TIPO_INTERES_UPDATE/_ETL_m_DWH_L_TG_MOD_TIPO_INTERES_UPDATE.json","2026/03/19 20:25:18.632","35","SUCCESS"
"src/main/resources/xmltobq/CDM/m_DM_RECS_TYPE_30_ODB/_ETL_m_DM_RECS_TYPE_30_ODB.json","2026/03/19 20:20:31.398","35","java.lang.RuntimeException(1): Table <...> not found"
"src/main/resources/xmltobq/DWH/m_LOAD_LKP_PARAMS_JERARQUIA_GESTORES_INSERT/_ETL_m_LOAD_LKP_PARAMS_JERARQUIA_GESTORES_INSERT.json","2026/03/19 19:51:13.228","35","SUCCESS"
"src/main/resources/xmltobq/CDM/m_DM_LKP_ODIGO_EVENTOS_IVR/_ETL_m_DM_LKP_ODIGO_EVENTOS_IVR.json","2026/03/19 16:56:42.061","35","SUCCESS"
"src/main/resources/xmltobq/DWH/m_DWH_D_SIT_CONCURSAL_CLI_BEPI_UPDATE/_ETL_m_DWH_D_SIT_CONCURSAL_CLI_BEPI_UPDATE.json","2026/03/19 15:35:26.106","35","SUCCESS"
"src/main/resources/xmltobq/DWH/m_DWH_D_LIMITES_CVCM_INSERT/_ETL_m_DWH_D_LIMITES_CVCM_INSERT.json","2026/03/19 15:31:20.209","35","SUCCESS"
"src/main/resources/xmltobq/ETL/m_DWH_E_MOD_CLIENTE_MOVIMIENTO_AF/_ETL_m_DWH_E_MOD_CLIENTE_MOVIMIENTO_AF.json","2026/03/19 15:07:11.366","35","SUCCESS"
"src/main/resources/xmltobq/DWH/m_DWH_EEMM_PERSONA_EM_UPDATE/_ETL_m_DWH_EEMM_PERSONA_EM_UPDATE.json","2026/03/19 14:26:40.006","35","SUCCESS"
"src/main/resources/xmltobq/CDM/m_CDM_LKP_MST_MONTHLY_GUARANTEES_MTD/_ETL_m_CDM_LKP_MST_MONTHLY_GUARANTEES_MTD.json","2026/03/19 14:18:31.060","35","SUCCESS"
"src/main/resources/xmltobq/DWH/m_DWH_L_TG_CNAE2009_UPDATE_GCP/_ETL_m_DWH_L_TG_CNAE2009_UPDATE_GCP.json","2026/03/19 13:26:53.172","35","SUCCESS"
"src/main/resources/xmltobq/DWH/m_DWH_F_REL_PERSONA/_ETL_m_DWH_F_REL_PERSONA.json","2026/03/19 12:37:27.402","35","SUCCESS"
"src/main/resources/xmltobq/ODS/TESORERIA_22115_1/m_ODS_TM_23_LIQ_AGRUP/_ETL_m_ODS_TM_23_LIQ_AGRUP.json","2026/03/19 01:28:49.956","35","SUCCESS"
"src/main/resources/xmltobq/ODS/INVESTMENT_FUNDS_411_2/m_ODS_TFO_75_COM_CUSTODIA/_ETL_m_ODS_TFO_75_COM_CUSTODIA.json","2026/03/17 21:31:42.276","35","SUCCESS"
"src/main/resources/xmltobq/DWH/m_DWH_D_CARTERA_DPM_INSERT/_ETL_m_DWH_D_CARTERA_DPM_INSERT.json","2026/03/17 20:51:59.666","35","SUCCESS"
"src/main/resources/xmltobq/DWH/m_DQ3_ODS_TUA_01_INSTRUMENTOS/_ETL_m_DQ3_ODS_TUA_01_INSTRUMENTOS.json","2026/03/17 19:16:41.873","35","org.apache.spark.sql.AnalysisException(1): Syntax error in attribute name: __lkp__1289666169235333.."
"src/main/resources/xmltobq/DWH/m_DQ3_ODS_TGK24/_ETL_m_DQ3_ODS_TGK24.json","2026/03/17 18:47:35.114","35","org.apache.spark.sql.AnalysisException(1): Syntax error in attribute name: __lkp__1287920092774625.."
"src/main/resources/xmltobq/DWH/m_DQ3_ODS_TAV_04_GASTOS/_ETL_m_DQ3_ODS_TAV_04_GASTOS.json","2026/03/17 18:26:40.344","35","org.apache.spark.sql.AnalysisException(1): Syntax error in attribute name: __lkp__1286664518018416.."
"src/main/resources/xmltobq/DWH/m_DQ3_ODS_PM_87_CALIFICA_PERS_PROD/_ETL_m_DQ3_ODS_PM_87_CALIFICA_PERS_PROD.json","2026/03/17 17:51:46.459","35","org.apache.spark.sql.AnalysisException(1): Syntax error in attribute name: __lkp__1285249386100416.."
"src/main/resources/xmltobq/ODS/CARD_PROCESSING_644_1/m_ODS_TIDB4_LOG_WALLET/_ETL_m_ODS_TIDB4_LOG_WALLET.json","2026/03/17 17:39:01.125","35","SUCCESS"
"src/main/resources/xmltobq/DWH/m_DQ3_ODS_F_TS_CONT_TARJETA/_ETL_m_DQ3_ODS_F_TS_CONT_TARJETA.json","2026/03/17 17:38:41.970","35","org.apache.spark.sql.AnalysisException(1): Syntax error in attribute name: __lkp__1284467741131916.."
"src/main/resources/xmltobq/DWH/m_DQ3_ODS_F_GB_DEVOLUCIONES/_ETL_m_DQ3_ODS_F_GB_DEVOLUCIONES.json","2026/03/17 17:27:52.932","35","org.apache.spark.sql.AnalysisException(1): Syntax error in attribute name: __lkp__1283819446647666.."
"src/main/resources/xmltobq/DWH/m_DWH_D_FACTURA_FACTORING_IMEX_UPDATE/_ETL_m_DWH_D_FACTURA_FACTORING_IMEX_UPDATE.json","2026/03/19 20:57:20.586","34","SUCCESS"
"src/main/resources/xmltobq/DWH/m_DWH_L_TG_MOTIVO_DESBLOQUEO_UPDATE/_ETL_m_DWH_L_TG_MOTIVO_DESBLOQUEO_UPDATE.json","2026/03/19 20:24:40.214","34","SUCCESS"
"src/main/resources/xmltobq/DWH/m_DWH_MOD_DB_DIRECT_EB_INSERT/_ETL_m_DWH_MOD_DB_DIRECT_EB_INSERT.json","2026/03/19 20:00:39.608","34","SUCCESS"
"src/main/resources/xmltobq/DWH/m_LOAD_LKP_PARAM_RESP_UPDATE/_ETL_m_LOAD_LKP_PARAM_RESP_UPDATE.json","2026/03/19 19:50:35.064","34","SUCCESS"
"src/main/resources/xmltobq/DWH/m_LOAD_LKP_SIT_ESTAMPACION_UPDATE/_ETL_m_LOAD_LKP_SIT_ESTAMPACION_UPDATE.json","2026/03/19 19:49:06.481","34","SUCCESS"
"src/main/resources/xmltobq/CDM/m_DM_MOD_DET_PASOS/_ETL_m_DM_MOD_DET_PASOS.json","2026/03/19 19:16:12.593","34","SUCCESS"
"src/main/resources/xmltobq/DWH/m_DWH_D_TITULARES_QS_INSERT/_ETL_m_DWH_D_TITULARES_QS_INSERT.json","2026/03/19 19:12:30.314","34","SUCCESS"
"src/main/resources/xmltobq/DWH/m_DWH_D_ODIGO_INTERACCION_CLIENT_UPDATE/_ETL_m_DWH_D_ODIGO_INTERACCION_CLIENT_UPDATE.json","2026/03/19 18:52:48.442","34","SUCCESS"
"src/main/resources/xmltobq/CDM/m_DM_LKP_TRIBUTOS_DOM_EST_RT/_ETL_m_DM_LKP_TRIBUTOS_DOM_EST_RT.json","2026/03/19 18:42:32.173","34","SUCCESS"
"src/main/resources/xmltobq/DWH/m_DWH_D_SFMC_SUSCRIPTOR_INSERT/_ETL_m_DWH_D_SFMC_SUSCRIPTOR_INSERT.json","2026/03/19 17:27:20.997","34","SUCCESS"
"src/main/resources/xmltobq/DWH/m_DWH_D_SUPLEM_SG_RIESGO_UPDATE/_ETL_m_DWH_D_SUPLEM_SG_RIESGO_UPDATE.json","2026/03/19 16:17:29.443","34","SUCCESS"
"src/main/resources/xmltobq/CDM/m_DM_LKP_EDIFICIO/_ETL_m_DM_LKP_EDIFICIO.json","2026/03/19 15:37:14.096","34","SUCCESS"
"src/main/resources/xmltobq/CDM/m_DM_LKP_COMP_ASEGURADORA/_ETL_m_DM_LKP_COMP_ASEGURADORA.json","2026/03/19 14:54:08.485","34","SUCCESS"
"src/main/resources/xmltobq/DWH/m_DWH_LKP_CLIENTE_CLASIF_MIFID_UPDATE/_ETL_m_DWH_LKP_CLIENTE_CLASIF_MIFID_UPDATE.json","2026/03/19 14:27:38.575","34","SUCCESS"
"src/main/resources/xmltobq/DWH/m_DWH_LKP_PROPUESTAS_UPDATE/_ETL_m_DWH_LKP_PROPUESTAS_UPDATE.json","2026/03/19 13:18:44.605","34","SUCCESS"
"src/main/resources/xmltobq/ODS/SFE_ACTIVA_CLIENTE_25500_2/m_ODS_ACT_BUSINESS_LOGS/_ETL_m_ODS_ACT_BUSINESS_LOGS.json","2026/03/19 13:11:56.945","34","SUCCESS"
"src/main/resources/xmltobq/ODS/NOTIFICATION_HUB_50369_1/m_ODS_NHUB_LOADED_ENCHCD_PUSH_NT/_ETL_m_ODS_NHUB_LOADED_ENCHCD_PUSH_NT.json","2026/03/19 04:22:34.489","34","SUCCESS"
"src/main/resources/xmltobq/ODS/PAYMENTS_544_2/m_ODS_TEX36/_ETL_m_ODS_TEX36.json","2026/03/19 04:04:25.803","34","SUCCESS"
"src/main/resources/xmltobq/ODS/QUESTIONNAIRE_TOOL_112114_4/m_ODS_QT_PRODUCT_KE/_ETL_m_ODS_QT_PRODUCT_KE.json","2026/03/19 03:08:52.167","34","SUCCESS"
"src/main/resources/xmltobq/ODS/TELEPHONIC_BANKING_23051_3/m_STG_LKP_CONTRATOS_DBLINE/_ETL_m_STG_LKP_CONTRATOS_DBLINE.json","2026/03/19 01:35:57.248","34","SUCCESS"
"src/main/resources/xmltobq/ETL/m_DWH_E_D_OPERACION_PM/_ETL_m_DWH_E_D_OPERACION_PM.json","2026/03/19 01:05:32.880","34","java.lang.IllegalArgumentException(1): Lookup table 'ODS_F_PM_BIENES_PROMO' not found in registry"
"src/main/resources/xmltobq/ETL/m_DWH_E_F_REGULATORIOS_TEMPORALES2_GCP/_ETL_m_DWH_E_F_REGULATORIOS_TEMPORALES2_GCP.json","2026/03/19 01:04:55.424","34","org.apache.spark.sql.catalyst.ExtendedAnalysisException(1): A column or function parameter with name <...> cannot be resolved"
"src/main/resources/xmltobq/ODS/LOANS_AND_LEASING_527_1/m_ODS_PM_87_CALIFICA_PERS_PROD/_ETL_m_ODS_PM_87_CALIFICA_PERS_PROD.json","2026/03/17 21:46:00.790","34","SUCCESS"
"src/main/resources/xmltobq/RDM/m_RDM_D_TIPO_ESQ_AMORTIZ_CIRBE/_ETL_m_RDM_D_TIPO_ESQ_AMORTIZ_CIRBE.json","2026/03/17 17:51:55.439","34","SUCCESS"
"src/main/resources/xmltobq/ETL/m_DWH_E_D_ODIGO_TU_INBOUND/_ETL_m_DWH_E_D_ODIGO_TU_INBOUND.json","2026/03/17 17:51:54.334","34","org.apache.spark.sql.catalyst.ExtendedAnalysisException(1): A column or function parameter with name <...> cannot be resolved"
"src/main/resources/xmltobq/ODS/CARD_PROCESSING_644_1/m_ODS_F_TS_PRODUCTO/_ETL_m_ODS_F_TS_PRODUCTO.json","2026/03/17 17:31:02.529","34","SUCCESS"
"src/main/resources/xmltobq/ETL/m_DWH_E_D_CONTRATO_GB/_ETL_m_DWH_E_D_CONTRATO_GB.json","2026/03/17 17:20:20.489","34","SUCCESS"
"src/main/resources/xmltobq/DWH/m_DWH_LKP_EMP_PERFIL_FUNC/_ETL_m_DWH_LKP_EMP_PERFIL_FUNC.json","2026/03/20 00:27:16.933","33","SUCCESS"
"src/main/resources/xmltobq/DWH/m_DWH_L_CIRBE_NMIS_PAR/_ETL_m_DWH_L_CIRBE_NMIS_PAR.json","2026/03/20 00:01:50.745","33","SUCCESS"
"src/main/resources/xmltobq/CDM/m_DM_MOD_SFMC_JOURNEY/_ETL_m_DM_MOD_SFMC_JOURNEY.json","2026/03/19 19:57:29.342","33","SUCCESS"
"src/main/resources/xmltobq/DWH/m_LOAD_LKP_DETALLE_OPERACIONES_MIS/_ETL_m_LOAD_LKP_DETALLE_OPERACIONES_MIS.json","2026/03/19 19:55:02.095","33","SUCCESS"
"src/main/resources/xmltobq/DWH/m_LOAD_LKP_SIT_SERVICIO_UPDATE/_ETL_m_LOAD_LKP_SIT_SERVICIO_UPDATE.json","2026/03/19 19:48:30.281","33","SUCCESS"
"src/main/resources/xmltobq/DWH/m_DWH_LKP_INFO_RESERVADA_INSERT/_ETL_m_DWH_LKP_INFO_RESERVADA_INSERT.json","2026/03/19 19:39:05.093","33","SUCCESS"
"src/main/resources/xmltobq/DWH/m_DWH_D_PRESTAMOS_PM_INSERT/_ETL_m_DWH_D_PRESTAMOS_PM_INSERT.json","2026/03/19 17:50:39.209","33","SUCCESS"
"src/main/resources/xmltobq/DWH/m_DWH_D_ERRORES_INCOMING_TS_INSERT/_ETL_m_DWH_D_ERRORES_INCOMING_TS_INSERT.json","2026/03/19 17:00:19.304","33","SUCCESS"
"src/main/resources/xmltobq/DWH/m_DWH_D_PROPUESTAS_PO_INSERT/_ETL_m_DWH_D_PROPUESTAS_PO_INSERT.json","2026/03/19 16:34:33.370","33","SUCCESS"
"src/main/resources/xmltobq/DWH/m_DWH_D_OPERACION_SG_INV_UPDATE/_ETL_m_DWH_D_OPERACION_SG_INV_UPDATE.json","2026/03/19 16:18:26.520","33","SUCCESS"
"src/main/resources/xmltobq/CDM/m_DM_LKP_DIR_POSTAL/_ETL_m_DM_LKP_DIR_POSTAL.json","2026/03/19 15:31:10.331","33","SUCCESS"
"src/main/resources/xmltobq/ETL/m_DWH_E_MOD_FIN_INSTRUMENT_DET_POS_FP/_ETL_m_DWH_E_MOD_FIN_INSTRUMENT_DET_POS_FP.json","2026/03/19 15:10:14.758","33","SUCCESS"
"src/main/resources/xmltobq/ETL/m_DWH_E_F_POSICION_VALORES/_ETL_m_DWH_E_F_POSICION_VALORES.json","2026/03/19 14:51:08.526","33","SUCCESS"
"src/main/resources/xmltobq/DWH/m_DWH_EEMM_CUENTA_CONT_DELETE/_ETL_m_DWH_EEMM_CUENTA_CONT_DELETE.json","2026/03/19 14:40:10.156","33","SUCCESS"
"src/main/resources/xmltobq/DWH/m_DWH_MOD_CLIENTE_MOVIMIENTO_INSERT_FP/_ETL_m_DWH_MOD_CLIENTE_MOVIMIENTO_INSERT_FP.json","2026/03/19 13:24:10.822","33","SUCCESS"
"src/main/resources/xmltobq/ODS/SFE_ACTIVA_CLIENTE_25500_2/m_ODS_ACT_PROSPECT_PHONES/_ETL_m_ODS_ACT_PROSPECT_PHONES.json","2026/03/19 12:16:01.543","33","SUCCESS"
"src/main/resources/xmltobq/ETL/m_DWH_E_D_POSICION_SG_INV/_ETL_m_DWH_E_D_POSICION_SG_INV.json","2026/03/19 12:13:51.873","33","SUCCESS"
"src/main/resources/xmltobq/ETL/m_DWH_E_LKP_DESCRIPCION_NTRK8/_ETL_m_DWH_E_LKP_DESCRIPCION_NTRK8.json","2026/03/19 12:09:51.374","33","SUCCESS"
"src/main/resources/xmltobq/ODS/WEALTH_MANAGER_49067_1/m_ODS_XE_RISK_PROF/_ETL_m_ODS_XE_RISK_PROF.json","2026/03/19 03:17:46.640","33","SUCCESS"
"src/main/resources/xmltobq/ODS/MIS_590_2/m_STG_HIER_SEGMENTO/_ETL_m_STG_HIER_SEGMENTO.json","2026/03/19 03:03:56.880","33","SUCCESS"
"src/main/resources/xmltobq/ODS/REPORTING_HO_ES_23094_1/m_ODS_RC_380S_DATOS_DE/_ETL_m_ODS_RC_380S_DATOS_DE.json","2026/03/19 02:50:56.434","33","SUCCESS"
"src/main/resources/xmltobq/ODS/TELEPHONIC_BANKING_23051_3/m_STG_MOD_MOVIMIENTOS_DBLINE/_ETL_m_STG_MOD_MOVIMIENTOS_DBLINE.json","2026/03/19 02:36:55.894","33","SUCCESS"
"src/main/resources/xmltobq/ODS/LOANS_AND_LEASING_527_1/m_ODS_PM_A6/_ETL_m_ODS_PM_A6.json","2026/03/17 21:46:56.784","33","SUCCESS"
"src/main/resources/xmltobq/ODS/LOANS_AND_LEASING_527_1/m_ODS_F_PM_CONTRATOS/_ETL_m_ODS_F_PM_CONTRATOS.json","2026/03/17 21:36:31.052","33","SUCCESS"
"src/main/resources/xmltobq/ODS/INVESTMENT_FUNDS_411_2/m_ODS_TFO_12_OPERACIONES/_ETL_m_ODS_TFO_12_OPERACIONES.json","2026/03/17 21:27:09.151","33","SUCCESS"
"src/main/resources/xmltobq/ODS/GUARANTEES_CONFIRMING_FINAN_PAYMENTS_367_1/m_ODS_TSP29/_ETL_m_ODS_TSP29.json","2026/03/17 21:09:08.917","33","SUCCESS"
"src/main/resources/xmltobq/ODS/CARD_PROCESSING_644_1/m_ODS_TID_A8_BONIF_TARJETA/_ETL_m_ODS_TID_A8_BONIF_TARJETA.json","2026/03/17 17:48:05.775","33","SUCCESS"
"src/main/resources/xmltobq/ODS/CARD_PROCESSING_644_1/m_ODS_TID_55_TPVCOM/_ETL_m_ODS_TID_55_TPVCOM.json","2026/03/17 17:45:54.440","33","SUCCESS"
"src/main/resources/xmltobq/DWH/m_DWH_D_REL_SSI_CONTRATO_INSERT/_ETL_m_DWH_D_REL_SSI_CONTRATO_INSERT.json","2026/03/19 22:31:01.878","32","SUCCESS"
"src/main/resources/xmltobq/DWH/m_LKP_SUBCALIFICACION_INSERT_GCP/_ETL_m_LKP_SUBCALIFICACION_INSERT_GCP.json","2026/03/19 20:00:04.230","32","SUCCESS"
"src/main/resources/xmltobq/DWH/m_LOAD_LKP_COMUNICACION_COTITULAR_REV_INSERT/_ETL_m_LOAD_LKP_COMUNICACION_COTITULAR_REV_INSERT.json","2026/03/19 19:56:21.345","32","SUCCESS"
"src/main/resources/xmltobq/DWH/m_LOAD_LKP_TIPO_CONTRATO_UPDATE/_ETL_m_LOAD_LKP_TIPO_CONTRATO_UPDATE.json","2026/03/19 19:46:19.413","32","SUCCESS"
"src/main/resources/xmltobq/CDM/m_DM_MOD_PERFIL_CLIENTE/_ETL_m_DM_MOD_PERFIL_CLIENTE.json","2026/03/19 19:39:09.286","32","SUCCESS"
"src/main/resources/xmltobq/CDM/m_DM_L_DBP_LKP_CLASE_EMPL_EV/_ETL_m_DM_L_DBP_LKP_CLASE_EMPL_EV.json","2026/03/19 18:57:25.720","32","SUCCESS"
"src/main/resources/xmltobq/ETL/m_DWH_E_L_TG_LICENCIA/_ETL_m_DWH_E_L_TG_LICENCIA.json","2026/03/19 18:33:08.484","32","SUCCESS"
"src/main/resources/xmltobq/DWH/m_DWH_L_TG_TRAMO_VIA_INSERT_GCP/_ETL_m_DWH_L_TG_TRAMO_VIA_INSERT_GCP.json","2026/03/19 18:05:01.479","32","SUCCESS"
"src/main/resources/xmltobq/CDM/m_DM_LKP_ODIGO_TU_CALLBACK_PAR/_ETL_m_DM_LKP_ODIGO_TU_CALLBACK_PAR.json","2026/03/19 17:00:41.793","32","SUCCESS"
"src/main/resources/xmltobq/DWH/m_DWH_LKP_MODELO_ASE_UPDATE/_ETL_m_DWH_LKP_MODELO_ASE_UPDATE.json","2026/03/19 16:30:20.401","32","SUCCESS"
"src/main/resources/xmltobq/ETL/m_DWH_E_MOD_CLIENTE_MOVIMIENTO_SG_P/_ETL_m_DWH_E_MOD_CLIENTE_MOVIMIENTO_SG_P.json","2026/03/19 14:58:14.884","32","SUCCESS"
"src/main/resources/xmltobq/ETL/m_DWH_E_D_RIESGO_GTIA/_ETL_m_DWH_E_D_RIESGO_GTIA.json","2026/03/19 14:53:48.808","32","SUCCESS"
"src/main/resources/xmltobq/ETL/m_DWH_E_SF_CRM_JERARQUIA/_ETL_m_DWH_E_SF_CRM_JERARQUIA.json","2026/03/19 14:52:49.063","32","SUCCESS"
"src/main/resources/xmltobq/ETL/m_DWH_E_F_PATRIMONIO_SG_PPI/_ETL_m_DWH_E_F_PATRIMONIO_SG_PPI.json","2026/03/19 14:49:36.023","32","SUCCESS"
"src/main/resources/xmltobq/DWH/m_DWH_D_SOLICITUD_SG_PPI_UPDATE/_ETL_m_DWH_D_SOLICITUD_SG_PPI_UPDATE.json","2026/03/19 13:58:42.390","32","SUCCESS"
"src/main/resources/xmltobq/DWH/m_DWH_D_DISPOSICION_PARCIAL_PO_UPDATE/_ETL_m_DWH_D_DISPOSICION_PARCIAL_PO_UPDATE.json","2026/03/19 13:14:21.746","32","SUCCESS"
"src/main/resources/xmltobq/DWH/m_DWH_L_BIEN_UPDATE/_ETL_m_DWH_L_BIEN_UPDATE.json","2026/03/19 13:13:48.091","32","SUCCESS"
"src/main/resources/xmltobq/DWH/m_DWH_D_FACTURAS_EMITIDAS_UPDATE/_ETL_m_DWH_D_FACTURAS_EMITIDAS_UPDATE.json","2026/03/19 12:51:36.592","32","SUCCESS"
"src/main/resources/xmltobq/DWH/m_DWH_D_INTERVINIENTES_PO_UPDATE/_ETL_m_DWH_D_INTERVINIENTES_PO_UPDATE.json","2026/03/19 12:42:25.318","32","SUCCESS"
"src/main/resources/xmltobq/DWH/m_DWH_D_PRODUCTOS_PM_UPDATE/_ETL_m_DWH_D_PRODUCTOS_PM_UPDATE.json","2026/03/19 12:39:51.910","32","SUCCESS"
"src/main/resources/xmltobq/DWH/m_DWH_LKP_COND_PART_TRAMO_UPDATE/_ETL_m_DWH_LKP_COND_PART_TRAMO_UPDATE.json","2026/03/19 12:36:29.102","32","SUCCESS"
"src/main/resources/xmltobq/ETL/m_DWH_E_F_RETRIBUCION_PO_AGENTE/_ETL_m_DWH_E_F_RETRIBUCION_PO_AGENTE.json","2026/03/19 12:05:46.934","32","SUCCESS"
"src/main/resources/xmltobq/ETL/m_DWH_E_LKP_INSTRUMENTO_FI/_ETL_m_DWH_E_LKP_INSTRUMENTO_FI.json","2026/03/19 12:03:08.147","32","SUCCESS"
"src/main/resources/xmltobq/ODS/PARTNER_DATA_4433_1/m_ODS_CLIENTE_INFO_RESERVADA/_ETL_m_ODS_CLIENTE_INFO_RESERVADA.json","2026/03/19 04:25:58.707","32","SUCCESS"
"src/main/resources/xmltobq/DWH/m_DWH_D_CONTRATO_SG_INV_INSERT/_ETL_m_DWH_D_CONTRATO_SG_INV_INSERT.json","2026/03/17 21:44:23.402","32","SUCCESS"
"src/main/resources/xmltobq/DWH/m_DQ3_ODS_TGL03/_ETL_m_DQ3_ODS_TGL03.json","2026/03/17 21:01:08.872","32","org.apache.spark.sql.AnalysisException(1): Syntax error in attribute name: __lkp__1295930573935250.."
"src/main/resources/xmltobq/DWH/m_DWH_D_BIENES_PO_UPDATE/_ETL_m_DWH_D_BIENES_PO_UPDATE.json","2026/03/17 20:45:48.739","32","SUCCESS"
"src/main/resources/xmltobq/DWH/m_DQ3_ODS_TEX51/_ETL_m_DQ3_ODS_TEX51.json","2026/03/17 18:38:25.077","32","org.apache.spark.sql.AnalysisException(1): Syntax error in attribute name: __lkp__1287366218001041.."
"src/main/resources/xmltobq/DWH/m_DQ3_ODS_TEX50/_ETL_m_DQ3_ODS_TEX50.json","2026/03/17 18:37:50.213","32","org.apache.spark.sql.AnalysisException(1): Syntax error in attribute name: __lkp__1287332096829916.."
"src/main/resources/xmltobq/ODS/CIRBE_22112_1/m_ODS_CIR_FRC832S/_ETL_m_ODS_CIR_FRC832S.json","2026/03/17 17:55:46.166","32","SUCCESS"
"src/main/resources/xmltobq/ETL/m_DWH_E_D_OPERACION_AF/_ETL_m_DWH_E_D_OPERACION_AF.json","2026/03/17 17:52:30.738","32","java.lang.RuntimeException(1): Table <...> not found"
"src/main/resources/xmltobq/ODS/CARD_PROCESSING_644_1/m_STG_LKP_MODO_CAJERO_TJ/_ETL_m_STG_LKP_MODO_CAJERO_TJ.json","2026/03/17 17:52:00.233","32","SUCCESS"
"src/main/resources/xmltobq/CDM/m_DM_RECS_TYPE_32_VDB/_ETL_m_DM_RECS_TYPE_32_VDB.json","2026/03/19 20:21:42.551","31","java.lang.RuntimeException(1): Table <...> not found"
"src/main/resources/xmltobq/CDM/m_DM_MOD_SFMC_INSTANCIA_AUTOM/_ETL_m_DM_MOD_SFMC_INSTANCIA_AUTOM.json","2026/03/19 19:56:25.796","31","SUCCESS"
"src/main/resources/xmltobq/CDM/m_DM_MOD_SFMC_ACTIV_INST_AUTOM/_ETL_m_DM_MOD_SFMC_ACTIV_INST_AUTOM.json","2026/03/19 19:55:24.163","31","SUCCESS"
"src/main/resources/xmltobq/DWH/m_LOAD_LKP_SIT_TARJETA_DBLINE_UPDATE/_ETL_m_LOAD_LKP_SIT_TARJETA_DBLINE_UPDATE.json","2026/03/19 19:47:56.855","31","SUCCESS"
"src/main/resources/xmltobq/CDM/m_DM_MOD_COND_AVAL/_ETL_m_DM_MOD_COND_AVAL.json","2026/03/19 19:10:00.633","31","SUCCESS"
"src/main/resources/xmltobq/DWH/m_DWH_L_TI_CODIGOS_IMPORTE_INSERT_GCP/_ETL_m_DWH_L_TI_CODIGOS_IMPORTE_INSERT_GCP.json","2026/03/19 18:04:28.555","31","SUCCESS"
"src/main/resources/xmltobq/DWH/m_LOAD_LKP_LISTA_PEP_INSERT/_ETL_m_LOAD_LKP_LISTA_PEP_INSERT.json","2026/03/19 17:58:51.550","31","SUCCESS"
"src/main/resources/xmltobq/DWH/m_DWH_EEMM_D_TIPO_CENTRO_UPDATE/_ETL_m_DWH_EEMM_D_TIPO_CENTRO_UPDATE.json","2026/03/19 17:37:32.805","31","SUCCESS"
"src/main/resources/xmltobq/DWH/m_DWH_D_REL_OPERACIONES_AVANCES_UPDATE/_ETL_m_DWH_D_REL_OPERACIONES_AVANCES_UPDATE.json","2026/03/19 17:05:04.832","31","SUCCESS"
"src/main/resources/xmltobq/DWH/m_DWH_D_REL_CONTRATO_AG_CLIENTE_UPDATE/_ETL_m_DWH_D_REL_CONTRATO_AG_CLIENTE_UPDATE.json","2026/03/19 17:04:31.703","31","SUCCESS"
"src/main/resources/xmltobq/DWH/m_DWH_L_CLIENTE_FATCA_UPDATE/_ETL_m_DWH_L_CLIENTE_FATCA_UPDATE.json","2026/03/19 16:54:53.876","31","SUCCESS"
"src/main/resources/xmltobq/DWH/m_DWH_LKP_POA_UPDATE/_ETL_m_DWH_LKP_POA_UPDATE.json","2026/03/19 16:30:53.661","31","SUCCESS"
"src/main/resources/xmltobq/ETL/m_DWH_E_MOD_CLIENTE_MOVIMIENTO_FP/_ETL_m_DWH_E_MOD_CLIENTE_MOVIMIENTO_FP.json","2026/03/19 15:04:28.585","31","SUCCESS"
"src/main/resources/xmltobq/ETL/m_DWH_E_LKP_DESCRIPCION_NTRK9/_ETL_m_DWH_E_LKP_DESCRIPCION_NTRK9.json","2026/03/19 12:04:58.941","31","SUCCESS"
"src/main/resources/xmltobq/ODS/SG_INSURANCES_AND_PENSION_PLANS_23128_1/m_ODS_TSG_52_VALORES_LIQ/_ETL_m_ODS_TSG_52_VALORES_LIQ.json","2026/03/19 04:13:24.032","31","SUCCESS"
"src/main/resources/xmltobq/ODS/PARTNER_DATA_4433_1/m_ODS_F_PD_PERSONASJURIDICAS/_ETL_m_ODS_F_PD_PERSONASJURIDICAS.json","2026/03/19 01:31:09.051","31","SUCCESS"
"src/main/resources/xmltobq/ODS/PAYMENTS_544_2/m_ODS_TEX40/_ETL_m_ODS_TEX40.json","2026/03/19 01:27:49.914","31","SUCCESS"
"src/main/resources/xmltobq/ETL/m_DWH_E_MOD_ORDENES_CLIENTE_SG_P/_ETL_m_DWH_E_MOD_ORDENES_CLIENTE_SG_P.json","2026/03/19 01:08:01.439","31","java.lang.IllegalArgumentException(1): Lookup table 'ODS_TSGG1_SOLICITUDES' not found in registry"
"src/main/resources/xmltobq/DWH/m_DQ3_ODS_TEB_37_ANEXO_GVO/_ETL_m_DQ3_ODS_TEB_37_ANEXO_GVO.json","2026/03/17 18:33:46.677","31","org.apache.spark.sql.AnalysisException(1): Syntax error in attribute name: __lkp__1287087087580625.."
"src/main/resources/xmltobq/ODS/COLLATERAL_SYSTEM_25503_1/m_ODS_GR_13_EDIFICIO/_ETL_m_ODS_GR_13_EDIFICIO.json","2026/03/17 18:20:13.654","31","SUCCESS"
"src/main/resources/xmltobq/RDM/m_RDM_D_UBR_REL_CALIFICACION/_ETL_m_RDM_D_UBR_REL_CALIFICACION.json","2026/03/17 18:15:34.678","31","SUCCESS"
"src/main/resources/xmltobq/ODS/CARD_PROCESSING_644_1/m_STG_LKP_CONT_TARJETA_INFILE/_ETL_m_STG_LKP_CONT_TARJETA_INFILE.json","2026/03/17 17:50:56.131","31","SUCCESS"
"src/main/resources/xmltobq/ODS/CARD_PROCESSING_644_1/m_STG_LKP_CONTR_TARJ_MORATORIA/_ETL_m_STG_LKP_CONTR_TARJ_MORATORIA.json","2026/03/17 17:50:21.522","31","SUCCESS"
"src/main/resources/xmltobq/DWH/m_DQ3_ODS_PM_56_LEASING/_ETL_m_DQ3_ODS_PM_56_LEASING.json","2026/03/17 17:50:14.882","31","org.apache.spark.sql.AnalysisException(1): Syntax error in attribute name: __lkp__1285156371915541.."
"src/main/resources/xmltobq/RDM/m_RDM_D_SITUAC_CONC/_ETL_m_RDM_D_SITUAC_CONC.json","2026/03/17 17:45:47.640","31","SUCCESS"
"src/main/resources/xmltobq/DWH/m_LOAD_LKP_RAMO/_ETL_m_LOAD_LKP_RAMO.json","2026/03/20 01:04:36.233","30","java.lang.RuntimeException(1): Table <...> not found"
"src/main/resources/xmltobq/OUTPUT/m_FF_CLIENT_CODE_MASKING_OFF/_ETL_m_FF_CLIENT_CODE_MASKING_OFF.json","2026/03/20 00:57:19.794","30","SUCCESS"
"src/main/resources/xmltobq/DWH/m_DWH_LKP_CLIENTE_CONT_ACOUSTIC/_ETL_m_DWH_LKP_CLIENTE_CONT_ACOUSTIC.json","2026/03/19 23:31:51.210","30","SUCCESS"
"src/main/resources/xmltobq/CDM/m_DM_MOD_SHORTFALL_PERIMETRO_PAR/_ETL_m_DM_MOD_SHORTFALL_PERIMETRO_PAR.json","2026/03/19 20:00:45.829","30","SUCCESS"
"src/main/resources/xmltobq/DWH/m_LOAD_LKP_CAMPOS_I/_ETL_m_LOAD_LKP_CAMPOS_I.json","2026/03/19 19:59:30.783","30","SUCCESS"
"src/main/resources/xmltobq/DWH/m_DWH_LKP_EMISOR_VL_INSERT/_ETL_m_DWH_LKP_EMISOR_VL_INSERT.json","2026/03/19 19:36:15.995","30","SUCCESS"
"src/main/resources/xmltobq/DWH/m_DWH_D_OPERACION_DOC_LC_DELETE/_ETL_m_DWH_D_OPERACION_DOC_LC_DELETE.json","2026/03/19 18:50:24.621","30","SUCCESS"
"src/main/resources/xmltobq/CDM/m_DM_LKP_TRANSACCIONES_DIARIAS_P/_ETL_m_DM_LKP_TRANSACCIONES_DIARIAS_P.json","2026/03/19 18:39:38.767","30","SUCCESS"
"src/main/resources/xmltobq/DWH/m_DWH_L_EDIFICIO_INSERT/_ETL_m_DWH_L_EDIFICIO_INSERT.json","2026/03/19 18:27:32.913","30","SUCCESS"
"src/main/resources/xmltobq/DWH/m_DWH_L_TG_CONSENTIMIENTO_DELETE/_ETL_m_DWH_L_TG_CONSENTIMIENTO_DELETE.json","2026/03/19 18:19:36.718","30","SUCCESS"
"src/main/resources/xmltobq/DWH/m_DWH_L_TG_TIPO_GRUPO_INSERT_GCP/_ETL_m_DWH_L_TG_TIPO_GRUPO_INSERT_GCP.json","2026/03/19 18:07:01.121","30","SUCCESS"
"src/main/resources/xmltobq/DWH/m_LOAD_HIER_CENTRO_INSERT/_ETL_m_LOAD_HIER_CENTRO_INSERT.json","2026/03/19 18:00:11.305","30","SUCCESS"
"src/main/resources/xmltobq/DWH/m_DWH_F_REGULATORIOS_PART_3_GCP/_ETL_m_DWH_F_REGULATORIOS_PART_3_GCP.json","2026/03/19 17:39:19.266","30","SUCCESS"
"src/main/resources/xmltobq/DWH/m_DWH_EEMM_CUENTA_CONT_INSERT/_ETL_m_DWH_EEMM_CUENTA_CONT_INSERT.json","2026/03/19 17:37:01.108","30","SUCCESS"
"src/main/resources/xmltobq/CDM/m_DM_LKP_PROTOCOLO_GARANTIAS_PAR/_ETL_m_DM_LKP_PROTOCOLO_GARANTIAS_PAR.json","2026/03/19 17:28:59.829","30","SUCCESS"
"src/main/resources/xmltobq/DWH/m_DWH_D_PETICION_TARJETA_DBLINE_UPDATE/_ETL_m_DWH_D_PETICION_TARJETA_DBLINE_UPDATE.json","2026/03/19 17:07:56.992","30","SUCCESS"
"src/main/resources/xmltobq/CDM/m_DM_LKP_ORDENES_CG/_ETL_m_DM_LKP_ORDENES_CG.json","2026/03/19 17:05:30.600","30","SUCCESS"
"src/main/resources/xmltobq/DWH/m_DWH_D_MBANK_CUSTOMER_UPDATE/_ETL_m_DWH_D_MBANK_CUSTOMER_UPDATE.json","2026/03/19 16:12:34.549","30","SUCCESS"
"src/main/resources/xmltobq/DWH/m_DWH_L_TG_PAIS_BE_UPDATE/_ETL_m_DWH_L_TG_PAIS_BE_UPDATE.json","2026/03/19 16:00:07.148","30","SUCCESS"
"src/main/resources/xmltobq/DWH/m_DWH_D_UBR_OBTENCION_COD_UBR_INSERT/_ETL_m_DWH_D_UBR_OBTENCION_COD_UBR_INSERT.json","2026/03/19 15:06:17.403","30","SUCCESS"
"src/main/resources/xmltobq/ETL/m_DWH_E_F_CLIENTE_METRICA_AUM/_ETL_m_DWH_E_F_CLIENTE_METRICA_AUM.json","2026/03/19 14:57:43.135","30","SUCCESS"
"src/main/resources/xmltobq/CDM/m_DM_LKP_CLIENTE_GDPR_HIST/_ETL_m_DM_LKP_CLIENTE_GDPR_HIST.json","2026/03/19 14:40:16.059","30","SUCCESS"